﻿<?xml version="1.0" encoding="utf-8"?>
<os_list>
  <os>
    <name>redhat-linux</name>
    <image>redhat.png</image>
  </os>
  <os>
    <name>slackware-linux</name>
    <image>slackware.png</image>
  </os>
  <os>
    <name>suse-linux</name>
    <image>suse.png</image>
  </os>
  <os>
    <name>mandrake-linux</name>
    <image>mandriva.png</image>
  </os>
  <os>
    <name>unknown-linux</name>
    <image>tux.png</image>
  </os>
  <os>
    <name>pc-linux</name>
    <image>tux.png</image>
  </os>
    <os>
    <name>linux</name>
    <image>tux.png</image>
  </os>
  <os>
    <name>darwin</name>
    <image>hexley.png</image>
  </os>
  <os>
    <name>mingw32</name>
    <image>windows.png</image>
  </os>
  <os>
    <name>freebsd</name>
    <image>freebsd.png</image>
  </os>
  <os>
    <name>openbsd</name>
    <image>openbsd.png</image>
  </os>
  <os>
    <name>solaris</name>
    <image>solaris.png</image>
  </os>
  <os>
    <name>cygwin</name>
    <image>cygwin.png</image>
  </os>
  <os>
    <name>os/2</name>
    <image>os2.png</image>
  </os>
  <os>
    <name>ecomstation</name>
    <image>ecomstation.png</image>
  </os>
</os_list>