<?xml version="1.0" encoding="utf-8" ?>
<interface>
   <info language="English" translator="Parise Samuele" version="4.0"/>
   <string id="0001" text="This is a simple tool that allow to monitor write and read events of partitions stored into fixed and removable (USB) hard drives, with the possibility to display into notification area an icon for each partition that display drive letter and two leds for write (in white color) and read (in red color) events."/>
   <string id="0002" text="Device letter"/>
   <string id="0003" text="Device label"/>
   <string id="0004" text="Read (byte)"/>
   <string id="0005" text="Write (byte)"/>
   <string id="0006" text="Reload"/>
   <string id="0007" text="Exit"/>
   <string id="0008" text="Start with Windows"/>
   <string id="0009" text="Start minimized"/>
   <string id="0010" text="Close/minimize on tray"/>
   <string id="0011" text="Settings"/>
   <string id="0012" text="Partitions monitored"/>
   <string id="0013" text="Monitor USB connections"/>
</interface>