﻿<?xml version="1.0" encoding="utf-8"?>
<table>
  <!--BASIC EMPTY BLOCK-->
  <!--
  <attribute smartctl="">
    <name></name>
    <description></description>
  </attribute>
  -->
  
  <attribute smartctl="Dummy" group="Generic">
    <name>Unknown</name>
    <description>No informations for this attribute.</description>
  </attribute>
  <attribute smartctl="Not_Supported" group="Generic">
    <name>Attribute not supported</name>
    <description>This attribute is not supported by this unit.</description>
  </attribute>
  
  <!-- **************************** -->
  <!-- ** Classic HDD attributes ** -->
  <!-- **************************** -->
  <!--1-->
  <attribute smartctl="Raw_Read_Error_Rate" group="Generic">
    <name>Read Error Rate</name>
    <description>Indicates the rate of hardware read errors that occurred when reading data from a disk surface. The raw value has different structure for different vendors and is often not meaningful as a decimal number.</description>
  </attribute>
  <!--2-->
  <attribute smartctl="Throughput_Performance" group="Generic">
    <name>Throughput Performance</name>
    <description>Overall (general) throughput performance of a hard disk drive. If the value of this attribute is decreasing there is a high probability that there is a problem with the disk.</description>
  </attribute>
  <!--3-->
  <attribute smartctl="Spin_Up_Time" group="Generic">
    <name>Spin-Up Time</name>
    <description>Average time (in milliseconds or seconds) of spindle spin up (from zero RPM - Revolutions Per Minute - to fully operational).</description>
  </attribute>
  <!--4-->
  <attribute smartctl="Start_Stop_Count" group="Generic">
    <name>Start/Stop Count</name>
    <description>Indicates a count of hard disk spindle start/stop cycles.</description>
  </attribute>
  <!--5-->
  <attribute smartctl="Reallocated_Sector_Ct" group="Generic">
    <name>Reallocated Sectors Count</name>
    <description>Count of reallocated sectors (1 sector = 512 bytes). When the hard drive finds a read/write/verification error, it marks this sector as "reallocated" and transfers data to a special reserved area (spare area). This process is also known as remapping and "reallocated" sectors are called remaps. The more sectors that are reallocated, the more read/write speed will decrease.</description>
  </attribute>
  <!--6-->
  <attribute smartctl="Read_Channel_Margin" group="Generic">
    <name>Read Channel Margin</name>
    <description>Indicates a margin of a channel while reading data. Usually manufacturers do not use this parameter.</description>
  </attribute>
  <!--7-->
  <attribute smartctl="Seek_Error_Rate" group="Generic">
    <name>Seek Error Rate</name>
    <description>Rate of seek errors of the magnetic heads. If there is a failure in the mechanical positioning system, a servo damage or a thermal widening of the hard disk, seek errors arise. More seek errors indicates a worsening condition of a disk surface and the mechanical subsystem.</description>
  </attribute>
  <!--8-->
  <attribute smartctl="Seek_Time_Performance" group="Generic">
    <name>Seek Time Performance</name>
    <description>Average performance of seek operations of the magnetic heads. If this attribute is decreasing, it is a sign of problems in the mechanical subsystem.</description>
  </attribute>
  <!--9-->
  <attribute smartctl="Power_On_Hours" group="Generic">
    <name>Power-On Hours</name>
    <description>Indicates a count of hours in power-on state. The value of this attribute shows total count of hours in power-on state. A decrease of this attribute value to the critical level (threshold) indicates a decrease of the MTBF (Mean Time Between Failures).</description>
  </attribute>
  <attribute smartctl="Power_On_Minutes" group="Generic">
    <name>Power-On Minutes</name>
    <description>Indicates a count of minutes in power-on state. The value of this attribute shows total count of minutes power-on state. A decrease of this attribute value to the critical level (threshold) indicates a decrease of the MTBF (Mean Time Between Failures).</description>
  </attribute>
  <!--10-->
  <attribute smartctl="Spin_Retry_Count" group="Generic">
    <name>Spin Retry Count</name>
    <description>Count of retry of spin start attempts. This attribute stores a total count of the spin start attempts to reach the fully operational speed (under the condition that the first attempt was unsuccessful). An increase of this attribute value is a sign of problems in the hard disk mechanical subsystem.</description>
  </attribute>
  <!--11-->
  <!--
  <attribute smartctl="" group="Generic">
    <name>Recalibration Retries</name>
    <description></description>
  </attribute>
  -->
  <attribute smartctl="Calibration_Retry_Count" group="Generic">
    <name>Calibration Retry Count</name>
    <description>This attribute indicates the number of times recalibration was requested (under the condition that the first attempt was unsuccessful). A decrease of this attribute value is a sign of problems in the hard disk mechanical subsystem.</description>
  </attribute>
  <!--12-->
  <attribute smartctl="Power_Cycle_Count" group="Generic">
    <name>Power Cycle Count</name>
    <description>Is an informational parameter and indicates the count of full hard disk power on/off cycles.</description>
  </attribute>
  <!--13-->
  <attribute smartctl="Read_Soft_Error_Rate" group="Generic">
    <name>Soft Read Error Rate</name>
    <description>Uncorrected read errors reported to the operating system. If the value is non-zero, you should back up your data.</description>
  </attribute>
  <attribute smartctl="Soft_Read_Error_Rate" group="Generic">
    <name>Soft Read Error Rate</name>
    <description>Uncorrected read errors reported to the operating system. If the value is non-zero, you should back up your data.</description>
  </attribute>
  <!--60 | Maxtor attribute-->
  <!--
  <attribute smartctl="" group="Generic">
    <name></name>
    <description></description>
  </attribute>
  -->
  <!--61 | Maxtor attribute-->
  <!--
  <attribute smartctl="" group="Generic">
    <name></name>
    <description></description>
  </attribute>
  -->
  <!--62 | Maxtor attribute-->
  <!--
  <attribute smartctl="" group="Generic">
    <name></name>
    <description></description>
  </attribute>
  -->
  <!--99 | Maxtor attribute-->
  <!--
  <attribute smartctl="" group="Generic">
    <name>Average Fly-Height Controller</name>
    <description></description>
  </attribute>
  -->
  <!--100 | Maxtor attribute-->
  <!--
  <attribute smartctl="" group="Generic">
    <name>Minimum Fly-Height Controller</name>
    <description></description>
  </attribute>
  -->
  <!--101 | Maxtor attribute-->
  <!--
  <attribute smartctl="" group="Generic">
    <name>Maximum Fly-Height Controller</name>
    <description></description>
  </attribute>
  -->
  <!--183-->
  <attribute smartctl="SATA_Downshift_Count" group="Generic">
    <name>SATA Downshift Error Count</name>
    <description>Western Digital and Samsung attribute.</description>
  </attribute>
  <!--184-->
  <attribute smartctl="End-to-End_Error" group="Generic">
    <name>End-to-End error</name>
    <description>This parameter is a part of HP's SMART IV technology and it means that after transferring through the cache RAM data buffer, the parity data between the host and the hard drive did not match. For detailed information see SMART IV Documentation from HP.</description>
  </attribute>
  <!--185 | Western Digital attribute?-->
  <!--
  <attribute smartctl="" group="Generic">
    <name>Head Stability</name>
    <description></description>
  </attribute>
  -->
  <!--186 | Western Digital attribute?-->
  <!--
  <attribute smartctl="" group="Generic">
    <name>Induced Op-Vibration Detection</name>
    <description></description>
  </attribute>
  -->
  <!--187-->
  <attribute smartctl="Reported_Uncorrect" group="Generic">
    <name>Uncorrectable Error Count</name>
    <description>This parameter indicates a number of errors that could not be recovered using hardware ECC (error-correcting code).</description>
  </attribute>
  <!--188-->
  <attribute smartctl="Command_Timeout" group="Generic">
    <name>Command Timeout</name>
    <description>The count of aborted operations due to HDD timeout. Normally this attribute value should be equal to zero and if the value is far above zero, then most likely there will be some serious problems with power supply or an oxidized data cable.</description>
  </attribute>
  <!--189-->
  <attribute smartctl="High_Fly_Writes" group="Generic">
    <name>High Fly Writes</name>
    <description>HDD producers implement a Fly Height Monitor that attempts to provide additional protections for write operations by detecting when a recording head is flying outside its normal operating range. If an unsafe fly height condition is encountered, the write process is stopped, and the information is rewritten or reallocated to a safe region of the hard drive. This attribute indicates the count of these errors over the lifetime of the drive.</description>
  </attribute>
  <!--190-->
  <attribute smartctl="Airflow_Temperature_Cel" group="Generic">
    <name>Airflow Temperature</name>
    <description>Airflow temperature on Western Digital HDs (Same as temperature (194), but current value is 50 less.)</description>
  </attribute>
  <!--190 | Seagate attribute-->
  <!--
  <attribute smartctl="" group="Generic">
    <name>Temperature Difference from 100</name>
    <description>This parameter indicates the temperature of the air inside the Seagate and Samsung hard disk housing. The value is equal to [100 – specified by manufacturer temperature °C], which allows setting the minimum threshold.</description>
  </attribute>
  -->
  <!--191-->
  <attribute smartctl="G-Sense_Error_Rate" group="Generic">
    <name>G-sense/shock error rate</name>
    <description>This parameter indicates the number of errors caused by externally-induced shock or vibration. </description>
  </attribute>
  <!--191 | Western Digital attribute-->
  <!--
  <attribute smartctl="" group="Generic">
    <name>Shock Sense</name>
    <description></description>
  </attribute>
  -->
  <!--192-->
  <attribute smartctl="Power-Off_Retract_Count" group="Generic">
    <name>Power-off Retract Count</name>
    <description>This attribute indicates the number of times the head was retracted as a result of power loss.</description>
  </attribute>
  <!--192 | Western Digital and Fujitsu attribute-->
  <!--
  <attribute smartctl="" group="Generic">
    <name>Emergency Retract Cycle Count</name>
    <description>This attribute indicates the number of times the head was retracted as a result of power loss.</description>
  </attribute>
  -->
  <!--193-->
  <attribute smartctl="Load_Cycle_Count" group="Generic">
    <name>Load Cycle Count</name>
    <description>Count of load/unload cycles into head landing zone position.</description>
  </attribute>
  <!--194-->
  <attribute smartctl="Temperature_Celsius" group="Generic">
    <name>Hard Disk Assembly Temperature</name>
    <description>This parameter indicates a hard disk drive current internal temperature. The raw value of this attribute shows built-in heat sensor registrations (in degrees centigrade).</description>
  </attribute>
  <!--195-->
  <attribute smartctl="Hardware_ECC_Recovered" group="Generic">
    <name>Hardware ECC Recovered</name>
    <description>Time between ECC (error-correcting code) corrected errors. </description>
  </attribute>
  <!--195 | Western Digital and Fujitsu attribute; smartctl prints this attribute as "Hardware ECC Recovered"-->
  <!--
  <attribute smartctl="ECC_On_The_Fly_Count" group="Generic">
    <name>ECC On The Fly Count</name>
    <description></description>
  </attribute>
  -->
  <!--196-->
  <attribute smartctl="Reallocated_Event_Count" group="Generic">
    <name>Reallocation Event Count</name>
    <description>This parameter indicates a count of remap operations (transferring data from a bad sector to a special reserved disk area - spare area). The raw value of this attribute shows the total number of attempts to transfer data from reallocated sectors to a spare area. Unsuccessful attempts are counted as well as successful. Since this is a count value, it can only increase.</description>
  </attribute>
  <!--196 | Western Digital attribute-->
  <!--
  <attribute smartctl="" group="Generic">
    <name>Re-allocated Sector Event</name>
    <description></description>
  </attribute>
  -->
  <!--197-->
  <attribute smartctl="Current_Pending_Sector" group="Generic">
    <name>Current Pending Sector Count</name>
    <description>This parameter is a critical parameter and indicates the current count of unstable sectors (waiting for remapping). The raw value of this attribute indicates the total number of sectors waiting for remapping. Later, when some of these sectors are read successfully, the value is decreased. If errors still occur when reading some sector, the drive will try to restore the data, transfer it to the spare area and mark this sector as remapped.</description>
  </attribute>
  <!--198-->
  <attribute smartctl="Offline_Uncorrectable" group="Generic">
    <name>Uncorrectable Sector Count </name>
    <description>This parameter is a critical parameter and indicates the quantity of uncorrectable errors. The raw value of this attribute indicates the total number of uncorrectable errors when reading/writing a sector. A rise in the value of this attribute indicates defects of the disk surface and/or problems in the mechanical subsystem.</description>
  </attribute>
  <!--199-->  
  <attribute smartctl="UDMA_CRC_Error_Count" group="Generic">
    <name>UltraDMA CRC Error Count</name>
    <description>This parameter indicates the total quantity of CRC (Cyclic Redundancy Check) errors during UltraDMA mode. The raw value of this attribute indicates the number of errors found during data transfer in UltraDMA mode by ICRC (Interface Cyclic Redundancy Check).</description>
  </attribute>
  <!--200-->
  <attribute smartctl="Write_Error_Rate" group="Generic">
    <name>Write Error Rate</name>
    <description>This parameter indicates the total number of errors appearing while recording data to a hard disk. This may be caused by problems with disk surface or the read/write heads.</description>
  </attribute>
  <!--200 | Western Digital attribute-->
  <attribute smartctl="Multi_Zone_Error_Rate" group="Generic">
    <name>Multi-Zone Error Rate</name>
    <description>This parameter indicates the total number of errors appearing while recording data to a hard disk. This may be caused by problems with disk surface or the read/write heads.</description>
  </attribute>
  <!--201-->
  <attribute smartctl="Soft_Read_Error_Rate" group="Generic">
    <name>Soft Read Error Rate</name>
    <description>This parameter indicates the number of uncorrectable software read errors. </description>
  </attribute>
  <!--201 | Maxtor attribute-->
  <!--
  <attribute smartctl="" group="Generic">
    <name>Off Track Errors Count</name>
    <description>Number of off-track errors. If non-zero, make a backup.</description>
  </attribute>
  -->
  <!--201 | Fujitsu attribute-->
  <!--
  <attribute smartctl="" group="Generic">
    <name>Detected TA Count</name>
    <description></description>
  </attribute>
  -->
  <!--202-->
  <attribute smartctl="Data_Address_Mark_Errs" group="Generic">
    <name>Data Address Mark errors</name>
    <description>This parameter indicates the number of incorrect or invalid address marks.</description>
  </attribute>
  <!--202 | Fujitsu attribute; smartctl prints this attribute as "Data Address Mark Errors"-->
  <!--
  <attribute smartctl="TA_Increase_Count" group="Generic">
    <name>TA Increase Count</name>
    <description></description>
  </attribute>
  -->
  <!--203 | Maxtor attribute; smartctl prints this attribute as "Run Out Cancel"-->
  <!--
  <attribute smartctl="" group="Generic">
    <name>ECC Errors</name>
    <description>Count of ECC errors.</description>
  </attribute>
  -->
  <!--203 | Fujitsu attribute-->
  <attribute smartctl="Run_Out_Cancel" group="Generic">
    <name>Run Out Cancel</name>
    <description>This parameter indicates that an invalid error correction checksum was found during error correction.</description>
  </attribute>
  <!--204-->
  <attribute smartctl="Soft_ECC_Correction" group="Generic">
    <name>Soft ECC Correction</name>
    <description>This parameter indicates the number of errors corrected by the internal error correction mechanism.</description>
  </attribute>
  <!--204 | Fujitsu attribute; smartctl prints this attribute as "Soft ECC Correction"-->
  <!--
  <attribute smartctl="Shock_Count_Write_Opern" group="Generic">
    <name>Shock Count Write Operation</name>
    <description></description>
  </attribute>
  -->
  <!--205-->
  <attribute smartctl="Thermal_Asperity_Rate" group="Generic">
    <name>Thermal Asperity Rate</name>
    <description>This parameter indicates the total number of problems caused by high temperature.</description>
  </attribute>
  <!--205 | Fujitsu attribute; smartctl prints this attribute as "Thermal Asperity Rate"-->
  <!--
  <attribute smartctl="Shock_Rate_Write_Opern" group="Generic">
    <name>Shock Rate Write Operation</name>
    <description></description>
  </attribute>
  -->
  <!--206-->
  <attribute smartctl="Flying_Height" group="Generic">
    <name>Flying Height</name>
    <description>This parameter indicates the height of heads above the disk surface. The low value of this parameter increases the chances of a head crash while a flying height that is too high increases the chances of a read/write error.</description>
  </attribute>
  <!--207-->
  <attribute smartctl="Spin_High_Current" group="Generic">
    <name>Spin High Current</name>
    <description>This parameter indicates the current needed to spin up the drive.</description>
  </attribute>
  <!--208-->
    <attribute smartctl="Spin_Buzz" group="Generic">
    <name>Spin Buzz</name>
    <description>This parameter indicates the number of retries during spin up because of low current available.</description>
  </attribute>
  <!--209-->
  <attribute smartctl="Offline_Seek_Performnce" group="Generic">
    <name>Offline Seek Performance</name>
    <description>This parameter indicates the seek performance of the hard drive during internal self tests.</description>
  </attribute>
  <!--210-->
  <!--
  <attribute smartctl="" group="Generic">
    <name>Vibration During Write</name>
    <description>Vibration During Write.</description>
  </attribute>
  -->
  <!--211-->
  <!--
  <attribute smartctl="" group="Generic">
    <name>Vibration During Read</name>
    <description>Vibration During Read.</description>
  </attribute>
  -->
  <!--211 | Hitachi attribute-->
  <!--
  <attribute smartctl="" group="Generic">
    <name>Spin Running Current</name>
    <description></description>
  </attribute>
  -->
  <!--212-->
  <!--
  <attribute smartctl="" group="Generic">
    <name>Shock During Write</name>
    <description>Shock During Write.</description>
  </attribute>
  -->
  <!--213-->
  <!--
  <attribute smartctl="" group="Generic">
    <name>Gr seek err/RRO-C ERP Count</name>
    <description></description>
  </attribute>
  -->
  <!--214-->
  <!--
  <attribute smartctl="" group="Generic">
    <name>Ground Load Errors Count</name>
    <description></description>
  </attribute>
  -->
  <!--215-->
  <!--
  <attribute smartctl="" group="Generic">
    <name>Ground SpinUp Errors</name>
    <description></description>
  </attribute>
  -->
  <!--216-->
  <!--
  <attribute smartctl="" group="Generic">
    <name>Unexpectant Errors Count</name>
    <description></description>
  </attribute>
  -->
  <!--217-->
  <!--
  <attribute smartctl="" group="Generic">
    <name>Unlock/Mis Read Count</name>
    <description></description>
  </attribute>
  -->
  <!--218-->
  <!--
  <attribute smartctl="" group="Generic">
    <name>FlashROM ECC Corr. Count</name>
    <description></description>
  </attribute>
  -->
  <!--220-->
  <attribute smartctl="Disk_Shift" group="Generic">
    <name>Disk Shift</name>
    <description>This parameter indicates that a distance of the disk has shifted relative to the spindle, which could be caused by a mechanical shock or high temperature. Unit of measure is unknown.</description>
  </attribute>
  <!--221-->
  <attribute smartctl="G-Sense_Error_Rate" group="Generic">
    <name>G-Sense Error Rate</name>
    <description>Rate of errors occurring as a result of impact loads. This attribute stores an indication of a shock-sensitive sensor, that is, the total quantity of errors occurring as a result of internal impact loads.</description>
  </attribute>
  <!--221 | Hitachi attribute; smartctl prints this attribute as "G-Sense Error Rate"-->
  <!--
  <attribute smartctl="" group="Generic">
    <name>Shock Sense Error Rate</name>
    <description></description>
  </attribute>
  -->
  <!--222-->
  <attribute smartctl="Loaded_Hours" group="Generic">
    <name>Loaded Hours</name>
    <description>Time spent operating under data load (movement of magnetic head armature). This value is constantly increasing (once per every hour).</description>
  </attribute>
  <!--223-->
  <attribute smartctl="Load_Retry_Count" group="Generic">
    <name>Load/Unload Retry Count</name>
    <description>This parameter indicates a number of drive head enters/leaves the data zone.</description>
  </attribute>
  <!--224-->
  <attribute smartctl="Load_Friction" group="Generic">
    <name>Load Friction</name>
    <description>This parameter indicates the rate of friction between mechanical parts of the hard disk. The increasing value means there is a problem with the mechanical subsystem of the drive.</description>
  </attribute>
  <!--225-->
  <attribute smartctl="Load_Cycle_Count" group="Generic">
    <name>Load/Unload Cycle Count</name>
    <description>Loading on magnetic heads actuator caused by numerous recurrences of operations like: reading, recording, positioning of heads, etc. Only the time when heads were in the operating position is counted.</description>
  </attribute>
  <!--226-->
  <attribute smartctl="Load-in_Time" group="Generic">
    <name>Load 'In'-time</name>
    <description>Total time of loading on the magnetic heads actuator (time not spent in parking area).</description>
  </attribute>
  <!--227-->
  <attribute smartctl="Torq-amp_Count" group="Generic">
    <name>Torque Amplification Count</name>
    <description>Number of attempts to compensate for platter speed variations.</description>
  </attribute>
  <!--228-->
  <attribute smartctl="Power-off_Retract_Count" group="Generic">
    <name>Power-Off Retract Cycle</name>
    <description>This parameter indicates a number of times the head was retracted as a result of power loss.</description>
  </attribute>
  <!--230 | IBM attribute?-->
  <attribute smartctl="Head_Amplitude" group="Generic">
    <name>GMR Head Amplitude</name>
    <description>Amplitude of heads trembling (Giant MagnetoResistive-head) in running mode.</description>
  </attribute>
  <!--231-->
  <attribute smartctl="Temperature_Celsius" group="Generic">
    <name>Temperature</name>
    <description>This parameter indicates a drive temperature.</description>
  </attribute>
  <!--240 | Hitachi attribute-->
  <attribute smartctl="Head_Flying_Hours" group="Generic">
    <name>Head Flying Hours</name>
    <description>This parameter indicates time spent during the positioning of the drive heads. </description>
  </attribute>
  <!--240 | Fujitsu attribute-->
  <attribute smartctl="Transfer_Error_Rate" group="Generic">
    <name>Transfer Error Rate</name>
    <description>If the device receives the reset during transferring the data, the transfer error is counted up.</description>
  </attribute>  
  <!--241 | IBM attribute?- ->
  <attribute smartctl="Total_LBAs_Written" group="Generic">
    <name>Total LBAs Written</name>
    <description>Total count of LBAs written.</description>
  </attribute>
  <!- -242 | IBM attribute?- ->
  <attribute smartctl="Total_LBAs_Read" group="Generic">
    <name>Total LBAs Read</name>
    <description>Total count of LBAs read.</description>
  </attribute>
  -->
  <!--250-->
  <attribute smartctl="Read_Error_Retry_Rate" group="Generic">
    <name>Read Error Retry Rate</name>
    <description>This parameter indicates a number of errors found during reading a sector from disk surface.</description>
  </attribute>
  <!--254-->
  <!--
  <attribute smartctl="" group="Generic">
    <name>G Sensor Error Rate Count</name>
    <description></description>
  </attribute>
  -->
  <!--254 | Seagate attribute-->
  <attribute smartctl="Free_Fall_Sensor" group="Generic">
    <name>Free Fall Sensor</name>
    <description>This parameter indicates a number of free fall events detected by the accelerometer sensor.</description>
  </attribute>
  
  <!-- ******************** -->
  <!-- ** SSD attributes ** -->
  <!-- ******************** -->
  
  <!-- ****************************** -->
  <!-- ** Crucial/Micron based SSD ** -->
  <!-- ****************************** -->
  <!--1-->
  <attribute smartctl="Raw_Read_Error_Rate" group="Micron">
    <name>Raw Read Error Rate</name>
    <description>The data field holds the raw sum of correctable and uncorrectable ECC (error-correcting code) error events over  the life of the drive. If this ever exceeds 4.294.967.295, this value will wrap around.</description>
  </attribute>
  <!--5-->
  <attribute smartctl="Reallocated_Sector_Ct" group="Micron">
    <name>Re-Allocated Block Count</name>
    <description>This value gives the total bad block count of the drive minus the number of one-time programmable (OTP) bad blocks.</description>
  </attribute>
  <!--9-->
  <attribute smartctl="Power_On_Hours" group="Micron">
    <name>Power-On Hours Count</name>
    <description>This value gives the raw number of hours that the device has been online over its life.</description>
  </attribute>
  <!--12-->
  <attribute smartctl="Power_Cycle_Count" group="Micron">
    <name>Power Cycle Count</name>
    <description>This value gives the raw number of power cycle events that this drive has experienced.</description>
  </attribute>
  <!--170-->
  <attribute smartctl="Grown_Failing_Clock_Ct" group="Micron">
    <name>Grown Failing Block Count</name>
    <description>This value gives the total bad block count of the drive minus the number of one-time programmable (OTP) bad blocks.</description>
  </attribute>
  <!--171-->
  <attribute smartctl="Program_Fail_Count" group="Micron">
    <name>Program Fail Count</name>
    <description>This value contains the raw number of flash program failure events. If this value ever would exceed 65,535, it will stay at 65,535.</description>
  </attribute>
  <!--172-->
  <attribute smartctl="Erase_Fail_Count" group="Micron">
    <name>Erase Fail Count</name>
    <description>This value contains the raw number of flash erase failure events. If this value ever would exceed 65,535, it will stay at 65,535.</description>
  </attribute>
  <!--173-->
  <attribute smartctl="Wear_Levelling_Count" group="Micron">
    <name>Block Wear Leveling Count</name>
    <description>Average erase count of all good blocks.</description>
  </attribute>
  <!--174-->
  <attribute smartctl="Unexpect_Power_Loss_Ct" group="Micron">
    <name>Unexpected Power Loss Count</name>
    <description>The total number of times that the device has been power cycled unexpectedly.</description>
  </attribute>
  <!--181-->
  <attribute smartctl="Non4k_Aligned_Access" group="Micron">
    <name>Non 4k Aligned Access</name>
    <description>This attribute contains two values: the low order 16 bits of the raw data contain the total unaligned reads counter, divided by 60,000, with a ceiling value of 65,535; the high order 16 bits of the raw data contain the total unaligned writes counter, divided by 60,000, with a ceiling value of 65,535.</description>
  </attribute>
  <!--183-->
  <attribute smartctl="SATA_Iface_Downshift" group="Micron">
    <name>SATA Interface Downshift</name>
    <description>At completion of speed negotiation between host and device, the firmware records the value of the newly negotiated speed. This value is compared to the previously recorded value; if the new value is lower than the previous, a downshift has occurred and the downshift counter is incremented.</description>
  </attribute>
  <!--187-->
  <attribute smartctl="Reported_Uncorrect" group="Micron">
    <name>Reported Uncorrectable Errors</name>
    <description>This value is the total number of ECC (error-correcting code) correction failures reported by the sequencer.</description>
  </attribute>
  <!--188-->
  <attribute smartctl="Command_Timeout" group="Micron">
    <name>Command Timeouts</name>
    <description>This counter is incremented by the number of outstanding commands when the host issues a soft reset, host reset, or a comreset. The raw data holds the value of this counter. If it ever exceeds 4.294.967.295, it will wrap around.</description>
  </attribute>
  <!--189-->
  <attribute smartctl="Factory_Bad_Block_Ct" group="Micron">
    <name>Factory Bad Block Count</name>
    <description>One-time programmable (OTP) bad block count.</description>
  </attribute>
  <!--196-->
  <attribute smartctl="Reallocated_Event_Count" group="Micron">
    <name>Reallocation Event Count</name>
    <description>This value gives the total bad block count of the drive minus the number of one-time programmable (OTP) bad blocks.</description>
  </attribute>
  <!--197-->
  <attribute smartctl="Current_Pending_Sector" group="Micron">
    <name>Current Pending Sector Count</name>
    <description>Will always be 0 because reallocation will be done on the fly.</description>
  </attribute>
  <!--198-->
  <attribute smartctl="Offline_Uncorrectable" group="Micron">
    <name>SMART Off-Line Scan Uncorrectable Error Count</name>
    <description>Uncorrectable errors detected during SMART off-line scan.</description>
  </attribute>
  <!--199-->
  <attribute smartctl="UDMA_CRC_Error_Count" group="Micron">
    <name>Ultra DMA CRC Error Rate</name>
    <description>Gives the number of captured FIS interface general CRC (cyclic redundancy code) errors over the life of the drive, for both reads and writes, since the most recent power cycle. If this counter ever reaches 4.294.967.295, it will wrap around.</description>
  </attribute>
  <!--202-->
  <attribute smartctl="Perc_Rated_Life_Used" group="Micron">
    <name>Percentage Rated Life Used</name>
    <description>The average erase count of all blocks on Channel 0 CE 0 divided by the specified MaxEraseCount (10k for MLC or 100k for SLC), reported as a percentage from 0 to 100%.</description>
  </attribute>
  <!--206-->
  <attribute smartctl="Write_Error_Rate" group="Micron">
    <name>Write Error Rate</name>
    <description>Report the number of program failures divided by 60,000. If the value ever reaches 65,535, it will remain there thereafter.</description>
  </attribute>
  
  <!-- ************************ -->
  <!-- ** Indilinx based SSD ** -->
  <!-- ************************ -->
  <!--1-->
  <attribute smartctl="Raw_Read_Error_Rate" group="Indilinx">
    <name>Raw Read Error Rate</name>
    <description>No informations for this attribute.</description>
  </attribute>
  <!--9-->
  <attribute smartctl="Power_On_Hours" group="Indilinx">
    <name>Power-On Hours</name>
    <description>No informations for this attribute.</description>
  </attribute>
  <!--12-->
  <attribute smartctl="Power_Cycle_Count" group="Indilinx">
    <name>Power Cycle Count</name>
    <description>No informations for this attribute.</description>
  </attribute>
  <!--184-->
  <attribute smartctl="Initial_Bad_Block_Count" group="Indilinx">
    <name>Initial Bad Block Count</name>
    <description>No informations for this attribute.</description>
  </attribute>
  <!--195-->
  <attribute smartctl="Program_Failure_Blk_Ct" group="Indilinx">
    <name>Program Failure Block Count</name>
    <description>No informations for this attribute.</description>
  </attribute>
  <!--196-->
  <attribute smartctl="Erase_Failure_Blk_Ct" group="Indilinx">
    <name>Erase Failure Block Count</name>
    <description>No informations for this attribute.</description>
  </attribute>
  <!--197-->
  <attribute smartctl="Read_Failure_Blk_Ct" group="Indilinx">
    <name>Read Failure Block Count</name>
    <description>No informations for this attribute.</description>
  </attribute>
  <!--198-->
  <attribute smartctl="Read_Sectors_Tot_Ct" group="Indilinx">
    <name>Read Sectors Total Count</name>
    <description>No informations for this attribute.</description>
  </attribute>
  <!--199-->
  <attribute smartctl="Write_Sectors_Tot_Ct" group="Indilinx">
    <name>Write Sectors Total Count</name>
    <description>No informations for this attribute.</description>
  </attribute>
  <!--200-->
  <attribute smartctl="Read_Command_Tot_Ct" group="Indilinx">
    <name>Read Commands Total Count</name>
    <description>No informations for this attribute.</description>
  </attribute>
  <!--201-->
  <attribute smartctl="Write_Commands_Tot_Ct" group="Indilinx">
    <name>Write Commands Total Count</name>
    <description>No informations for this attribute.</description>
  </attribute>
  <!--202-->
  <attribute smartctl="Error_Bits_Flash_Tot_Ct" group="Indilinx">
    <name>Total Count of Read Sectors with Correctable Bits Errors</name>
    <description>No informations for this attribute.</description>
  </attribute>
  <!--203-->
  <attribute smartctl="Corr_Read_Errors_Tot_Ct" group="Indilinx">
    <name>Correction Read Errors Total Count</name>
    <description>No informations for this attribute.</description>
  </attribute>
  <!--204-->
  <attribute smartctl="Bad_Block_Full_Flag" group="Indilinx">
    <name>Bad Block Full Flag</name>
    <description>No informations for this attribute.</description>
  </attribute>
  <!--205-->
  <attribute smartctl="MAX_PE_Count_Spec" group="Indilinx">
    <name>Maximum PE Count Specification</name>
    <description>No informations for this attribute.</description>
  </attribute>
  <!--206-->
  <attribute smartctl="Min_Erase_Count" group="Indilinx">
    <name>Minimum Erase Count</name>
    <description>No informations for this attribute.</description>
  </attribute>
  <!--207-->
  <attribute smartctl="Max_Erase_Count" group="Indilinx">
    <name>Maximum Erase Count</name>
    <description>No informations for this attribute.</description>
  </attribute>
  <!--208-->
  <attribute smartctl="Average_Erase_Count" group="Indilinx">
    <name>Average Erase Count</name>
    <description>No informations for this attribute.</description>
  </attribute>
  <!--209-->
  <attribute smartctl="Remaining_Lifetime_Perc" group="Indilinx">
    <name>Remaining Lifetime Percentage</name>
    <description>No informations for this attribute.</description>
  </attribute>
  <!--210 and 213-->
  <attribute smartctl="Indilinx_Internal" group="Indilinx">
    <name>Indilinx Internal</name>
    <description>Indilinx reserved attribute.</description>
  </attribute>
  <!--211-->
  <attribute smartctl="SATA_Error_Ct_CRC" group="Indilinx">
    <name>SATA Error Count CRC</name>
    <description>No informations for this attribute.</description>
  </attribute>
  <!--212-->
  <attribute smartctl="SATA_Error_Ct_Handshake" group="Indilinx">
    <name>SATA Error Count Handshake</name>
    <description>No informations for this attribute.</description>
  </attribute>
  
  <!-- ********************* -->
  <!-- ** Intel based SSD ** -->
  <!-- ********************* -->
  <!--3-->
  <attribute smartctl="Spin_Up_Time" group="Intel">
    <name>Spin Up Time</name>
    <description>The average time it takes the spindle to spin up. Since a SSD has no moveable parts, this attribute reports a fixed raw value of zero (0) and a fixed normalized value of 100.</description>
  </attribute>
  <!--4-->
  <attribute smartctl="Start_Stop_Count" group="Intel">
    <name>Start/Stop Count</name>
    <description>This type of event is not an issue for SSDs. However, hard disk drives can experience only a finite number of these events and, therefore, must be tracked. This attribute reports a fixed value of zero (0) and a fixed normalized value of 100.</description>
  </attribute>
  <!--5-->
  <attribute smartctl="Reallocated_Sector_Ct" group="Intel">
    <name>Re-Allocated Sector Count</name>
    <description>This attribute shows the number of retired blocks since leaving the factory (also known as a grown defect count). For 50nm drives, the normalized value has an initial value of 100 but counts up from 1, for every 4 grown defects. The normalized value of this attribute becomes 1 when there are 4 grown defects, then the value is 2 when there are 8 grown defects, etc. For 34nm drives, the raw value increments for every grown defect.</description>
  </attribute>
  <!--9-->
  <attribute smartctl="Power_On_Hours" group="Intel">
    <name>Power-On Hours Count</name>
    <description>This attribute reports the cumulative number of power-on hours over the life of the device.</description>
  </attribute>
  <!--12-->
  <attribute smartctl="Power_Cycle_Count" group="Intel">
    <name>Power Cycle Count</name>
    <description>This attribute reports the cumulative number of power cycle events (power on/off cycles) over the life of the device.</description>
  </attribute>
  <!--170-->
  <attribute smartctl="Reserve_Block_Count" group="Intel">
    <name>Available Reserved Space</name>
    <description>This attribute reports the number of reserve blocks remaining. The attribute value begins at 100, which indicates that the reserved space is 100% available. The threshold value for this attribute is 10% availability, which indicated that the drive is close to its end life.</description>
  </attribute>
  <!--171-->
  <attribute smartctl="Program_Fail_Count" group="Intel">
    <name>Program Fail Block Count</name>
    <description>Percentage of NAND program failures.</description>
  </attribute>
  <!--172-->
  <attribute smartctl="Erase_Fail_Count" group="Intel">
    <name>Erase Fail Count</name>
    <description>Percentage of NAND erase failures.</description>
  </attribute>
  <!--183-->
  <attribute smartctl="SATA_Downshift_Count" group="Intel">
    <name>SATA Downshift Count</name>
    <description>The count of the number of times SATA interface selected lower signaling rate due to error.</description>
  </attribute>
  <!--184-->
  <attribute smartctl="End-to-End_Error" group="Intel">
    <name>End to End Error Detection Count</name>
    <description>This attribute is only available for 34nm drives and counts the number of times errors are encountered during logical block addressing (LBA) tag checks on the data path within the drive.</description>
  </attribute>
  <!--187-->
  <attribute smartctl="Reported_Uncorrect" group="Intel">
    <name>Uncorrectable Error Count</name>
    <description>The raw value shows the count of errors that could not be recovered using Error Correction Code (ECC).</description>
  </attribute>
  <!--190-->
  <attribute smartctl="Airflow_Temperature_Cel" group="Intel">
    <name>Temperature - Airflow Temperature (Case)</name>
    <description>Reports the SSD case temperature. Raw value suggests 100 - case temperature in C degrees.</description>
  </attribute>
  <!--192-->
  <attribute smartctl="Unsafe_Shutdown_Count" group="Intel">
    <name>Unsafe Shutdown Count</name>
    <description>This attribute reports the cumulative number of unsafe (unclean) shutdown events over the life of the device. An unsafe shutdown occurs whenever the device is powered off without "standby immediate" being the last command.</description>
  </attribute>
  <!--194-->
  <attribute smartctl="Temperature_Celsius" group="Intel">
    <name>Device Internal Temperature</name>
    <description>Reports internal temperature of the SSD. Temperature reading is the value direct from the printed circuit board (PCB) sensor without offset.</description>
  </attribute>
  <!--199-->
  <attribute smartctl="UDMA_CRC_Error_Count" group="Intel">
    <name>CRC Error Count </name>
    <description>The total number of encountered SATA interface cyclic redundancy check (CRC) errors.</description>
  </attribute>
  <!--225-->
  <attribute smartctl="Host_Writes_32MiB" group="Intel">
    <name>Host Writes</name>
    <description>This attribute reports the total number of sectors written by the host system. The raw value is increased by 1 for every 65,536 sectors written by the host.</description>
  </attribute>
  <!--226, 227 and 228-->
  <attribute smartctl="Intel_Internal" group="Intel">
    <name>Intel Internal</name>
    <description>Intel first generation SSD internal attribute.</description>
  </attribute>
  <!--226-->
  <attribute smartctl="Workld_Media_Wear_Indic" group="Intel">
    <name>Timed Workload Media Wear Indicator</name>
    <description>This attribute tracks the drive wear seen by the device during the last wear timer loop, as a percentage of the maximum rated cycles. The raw value tracks the percentage up to 3 decimal points. This value should be divided by 1024 to get the percentage. For example: if the raw value is 4450, the percentage is 4450/1024 = 4.345%. The raw value is held at 65,535 until the wear timer (attribute 228) reaches 60 (minutes).</description>
  </attribute>
  <!--227-->
  <attribute smartctl="Workld_Host_Reads_Perc" group="Intel">
    <name>Timed Workload Host Reads Percentage</name>
    <description>This attribute shows the percentage of I/O operations that are read operations during the last workload timer loop. The raw value tracks this percentage and is held at 65,535 until the workload timer (attribute 228) reaches 60 (minutes). The normalized value is always set to 100 and should be ignored.</description>
  </attribute>
  <!--228-->
  <attribute smartctl="Workload_Minutes" group="Intel">
    <name>Workload Timer</name>
    <description>This attribute is used to measure the time elapsed during the current workload. The attribute is reset when a "SMART execute offline immediate" subcommand is issued to the drive. The raw value tracks the time in minutes and has a maximum value of 232 = 4,294,967,296 minutes (8,171 years). The normalized value is always set to 100 and should be ignored.</description>
  </attribute>
  <!--232-->
  <attribute smartctl="Available_Reservd_Space" group="Intel">
    <name>Available Reserved Space</name>
    <description>This attribute reports the number of reserve blocks remaining. The attribute value begins at 100, which indicates that the reserved space is 100% available. The threshold value for this attribute is 10% availability, which indicated that the drive is close to its end life.</description>
  </attribute>
  <!--233-->
  <attribute smartctl="Media_Wearout_Indicator" group="Intel">
    <name>Media Wearout Indicator</name>
    <description>This attribute reports the number of cycles the NAND media has experienced. The normalized value declines linearly from 100 to 1 as the average erase cycle count increases from 0 to the maximum rated cycles. Once the normalized value reaches 1, the number will not decrease, although it is likely that significant additional wear can be put on the device.</description>
  </attribute>
  <!--241-->
  <attribute smartctl="Host_Writes_32_MiB" group="Intel">
    <name>Total LBAs Written</name>
    <description>Counts sectors written by the host (1 sector = 512 bytes).</description>
  </attribute>
  <!--242-->
  <attribute smartctl="Host_Reads_32MiB" group="Intel">
    <name>Total LBAs Read</name>
    <description>Counts sectors read by the host (1 sector = 512 bytes).</description>
  </attribute>
  
  <!-- *********************** -->
  <!-- ** JMicron based SSD ** -->
  <!-- *********************** -->
  <!--1-->
  <attribute smartctl="Raw_Read_Error_Rate" group="JMicron">
    <name>Read Error Rate</name>
    <description>No informations for this attribute.</description>
  </attribute>
  <!--2-->
  <attribute smartctl="Throughput_Performance" group="JMicron">
    <name>Throughput Performance</name>
    <description>No informations for this attribute.</description>
  </attribute>
  <!--5-->
  <attribute smartctl="Reallocated_Sector_Ct" group="JMicron">
    <name>Reallocated Sector Count</name>
    <description>No informations for this attribute.</description>
  </attribute>
  <!--9-->
  <attribute smartctl="Power_On_Hours" group="JMicron">
    <name>Power-On hours Count</name>
    <description>No informations for this attribute.</description>
  </attribute>
  <!--12-->
  <attribute smartctl="Power_Cycle_Count" group="JMicron">
    <name>Drive Power Cycle Count</name>
    <description>No informations for this attribute.</description>
  </attribute>
  <!--168-->
  <attribute smartctl="SATA_Phy_Error_Count" group="JMicron">
    <name>SATA Phy Error Count</name>
    <description>No informations for this attribute.</description>
  </attribute>
  <!--170-->
  <attribute smartctl="Bad_Block_Count" group="JMicron">
    <name>Bad Block Count</name>
    <description>No informations for this attribute.</description>
  </attribute>
  <!--173-->
  <attribute smartctl="Erase_Count" group="JMicron">
    <name>Erase Count</name>
    <description>No informations for this attribute.</description>
  </attribute>
  <!--175-->
  <attribute smartctl="Bad_Cluster_Table_Count" group="JMicron">
    <name>Bad Cluster Table Count</name>
    <description>No informations for this attribute.</description>
  </attribute>
  <!--192-->
  <attribute smartctl="Unexpect_Power_Loss_Ct" group="JMicron">
    <name>Unexpected Power Loss Count</name>
    <description>No informations for this attribute.</description>
  </attribute>
  <!--194-->
  <attribute smartctl="Temperature_Celsius" group="JMicron">
    <name>Temperature</name>
    <description>No informations for this attribute.</description>
  </attribute>
  <!--197-->
  <attribute smartctl="Current_Pending_Sector" group="JMicron">
    <name>Current Pending Sector Counter</name>
    <description>No informations for this attribute.</description>
  </attribute>
  <!--229-->
  <attribute smartctl="Halt_System/Flash_ID" group="JMicron">
    <name>Halt, Flash</name>
    <description>No informations for this attribute.</description>
  </attribute>
  <!--232-->
  <attribute smartctl="Firmware_Version_Info" group="JMicron">
    <name>Firmware Version Information</name>
    <description>No informations for this attribute.</description>
  </attribute>
  <!--233-->
  <attribute smartctl="ECC_Fail_Record" group="JMicron">
    <name>ECC Fail Record</name>
    <description>No informations for this attribute.</description>
  </attribute>
  <!--234-->
  <attribute smartctl="Avg/Max_Erase_Ct" group="JMicron">
    <name>Average/Max Erase Count</name>
    <description>No informations for this attribute.</description>
  </attribute>
  <!--235-->
  <attribute smartctl="Good/Sys_Block_Ct" group="JMicron">
    <name>Good/System Block Count</name>
    <description>No informations for this attribute.</description>
  </attribute>

  <!-- *********************** -->
  <!-- ** Samsung based SSD ** -->
  <!-- *********************** -->
  <!--9-->
  <attribute smartctl="Power_On_Hours" group="Samsung">
    <name>Power-on Hours</name>
    <description>No informations for this attribute.</description>
  </attribute>
  <!--12-->
  <attribute smartctl="Power_Cycle_Count" group="Samsung">
    <name>Power-on Count</name>
    <description>No informations for this attribute.</description>
  </attribute>
  <!--175-->
  <attribute smartctl="Program_Fail_Count_Chip" group="Samsung">
    <name>Program Fail Count Chip</name>
    <description>Indicates a number of flash program failures.</description>
  </attribute>
  <!--176-->
  <attribute smartctl="Erase_Fail_Count_Chip" group="Samsung">
    <name>Erase Fail Count Chip</name>
    <description>Indicates a number of flash erase command failures.</description>
  </attribute>
  <!--177-->
  <attribute smartctl="Wear_Leveling_Count_Wear" group="Samsung">
    <name>Wear Leveling Count</name>
    <description>Indicates the worst case erase count.</description>
  </attribute>
  <!--178-->
  <attribute smartctl="Used_Rsvd_Blk_Cnt_Chip" group="Samsung">
    <name>Used Reserved Block Count Chip</name>
    <description>Indicates the number of a chip’s used reserved blocks.</description>
  </attribute>
  <!--179-->
  <attribute smartctl="Used_Rsvd_Blk_Cnt_Tot" group="Samsung">
    <name>Used Reserved Block Count Total</name>
    <description>Indicates the worst case erase count.</description>
  </attribute>
  <!--180-->
  <attribute smartctl="Unused_Rsvd_Blk_Cnt_Tot" group="Samsung">
    <name>Unused Reserved Block Count Total</name>
    <description>No informations for this attribute.</description>
  </attribute>
  <!--181-->
  <attribute smartctl="Program_Fail_Cnt_Total" group="Samsung">
    <name>Program Fail Count Total</name>
    <description>No informations for this attribute.</description>
  </attribute>
  <!--182-->
  <attribute smartctl="Erase_Fail_Count_Total" group="Samsung">
    <name>Erase Fail Count Total</name>
    <description>No informations for this attribute.</description>
  </attribute>
  <!--183-->
  <attribute smartctl="Runtime_Bad_Block" group="Samsung">
    <name>Runtime Bad Block</name>
    <description>No informations for this attribute.</description>
  </attribute>
  <!--187-->
  <attribute smartctl="Uncorrectable_Error_Cnt" group="Samsung">
    <name>Uncorrectable Error Count</name>
    <description>No informations for this attribute.</description>
  </attribute>
  <!--190-->
  <attribute smartctl="Temperature_Exceed_Cnt" group="Samsung">
    <name>Temperature Exceed Count</name>
    <description>No informations for this attribute.</description>
  </attribute>
  <!--194-->
  <attribute smartctl="Airflow_Temperature" group="Samsung">
    <name>Airflow Temperature</name>
    <description>No informations for this attribute.</description>
  </attribute>
  <!--195-->
  <attribute smartctl="ECC_Rate" group="Samsung">
    <name>ECC Rate</name>
    <description>No informations for this attribute.</description>
  </attribute>
  <!--199-->
  <attribute smartctl="CRC_Error_Count" group="Samsung">
    <name>CRC Error Count</name>
    <description>No informations for this attribute.</description>
  </attribute>
  <!--201-->
  <attribute smartctl="Supercap_Status" group="Samsung">
    <name>Supercap Status</name>
    <description>No informations for this attribute.</description>
  </attribute>
  <!--202-->
  <attribute smartctl="Exception_Mode_status" group="Samsung">
    <name>Exception Mode Status</name>
    <description>No informations for this attribute.</description>
  </attribute>
  
  <!-- ************************* -->
  <!-- ** Sandforce based SSD ** -->
  <!-- ************************* -->
  <!--1-->
  <attribute smartctl="Raw_Read_Error_Rate" group="SandForce">
    <name>Raw Read Error Rate</name>
    <description>Raw error related to ECC errors. Correctable and uncorrectable RAISE (Redundant Array of Independent Silicon Elements) errors are included in the error count.</description>
  </attribute>
  <!--5-->
  <attribute smartctl="Retired_Block_Count" group="SandForce">
    <name>Retired Block Count</name>
    <description>Tracks the total number of retired blocks. Data is calculated as 100-(100*RCB/MRB), where RCB is the retired block count and MRB is the minimum required blocks. Also an indicator of remaining life.</description>
  </attribute>
  <!--9-->
  <attribute smartctl="Power_On_Hours_and_Msec" group="SandForce">
    <name>Power-On Hours and Milliseconds</name>
    <description>Count of minutes and milliseconds in power-on state. The raw value of this attribute shows total count of minutes and milliseconds in power-on state.</description>
  </attribute>
  <!--100-->
  <attribute smartctl="Gigabytes_Erased" group="SandForce">
    <name>Program/Erase Cycles </name>
    <description>This attribute counts the number of flash program and erase cycles across the entire drive over the life of the drive.</description>
  </attribute>
  <!--170-->
  <attribute smartctl="Reserve_Block_Count" group="SandForce">
    <name>Reserved Block Count</name>
    <description>Number of reserved spares for bad block handling.</description>
  </attribute>
  <!--171-->
  <attribute smartctl="Program_Fail_Count" group="SandForce">
    <name>Program Fail Block Count</name>
    <description>Counts the number of flash program failures.</description>
  </attribute>
  <!--172-->
  <attribute smartctl="Erase_Fail_Count" group="SandForce">
    <name>Erase Fail Block Count</name>
    <description>Counts the number of flash erase failures.</description>
  </attribute>
  <!--174-->
  <attribute smartctl="Unexpect_Power_Loss_Ct" group="SandForce">
    <name>Unexpected Power Loss Count</name>
    <description>Counts the number of unexpected power loss events since the drive was deployed.</description>
  </attribute>
  <!--177-->
  <attribute smartctl="Wear_Range_Delta" group="SandForce">
    <name>Wear Range Delta</name>
    <description>Returns the percent difference in wear between the most-worn block and least-worn block.</description>
  </attribute>
  <!--181-->
  <attribute smartctl="Program_Fail_Count" group="SandForce">
    <name>Program Fail Count</name>
    <description>Four bytes used to show the program failures since the drive was deployed.</description>
  </attribute>
  <!--182-->
  <attribute smartctl="Erase_Fail_Count" group="SandForce">
    <name>Erase Fail Count</name>
    <description>Four bytes used to show the number of block erase failures since the drive was deployed.</description>
  </attribute>
  <!--184-->
  <attribute smartctl="IO_Error_Detect_Code_Ct" group="SandForce">
    <name>Reported I/O Error Detection Code Rate</name>
    <description>I/O Error Detection Code rate. This attribute tracks the number of end-to-end CRC errors encountered during host initiated reads and writes.</description>
  </attribute>
  <!--187-->
  <attribute smartctl="Reported_Uncorrect" group="SandForce">
    <name>Reported Uncorrectable Errors</name>
    <description>This attribute tracks the number of uncorrectable RAISE (Redundant Array of Independent Silicon Elements) errors reported back to the host for all data access commands.</description>
  </attribute>
  <!--194-->
  <attribute smartctl="Temperature_Celsius" group="SandForce">
    <name>Temperature</name>
    <description>Temperature reported from the on-board sensor.</description>
  </attribute>
  <!--195-->
  <attribute smartctl="ECC_Uncorr_Error_Count" group="SandForce">
    <name>On the fly ECC Uncorrectable Error Count</name>
    <description>This attribute tracks the number of uncorrectable errors.</description>
  </attribute>
  <!--196-->
  <attribute smartctl="Reallocated_Event_Count" group="SandForce">
    <name>Reallocation Event Count</name>
    <description>This attribute tracks the number of blocks that fail programming which are reallocated as a result.</description>
  </attribute>
  <!--198-->
  <attribute smartctl="Uncorrectable_Sector_Ct" group="SandForce">
    <name>Uncorrectable Sector Count</name>
    <description>Uncorrectable sector count relative to the number of sectors read this power cycle. The normalized value is only computed when the number of bits is greater than 10^10. The count is cleared at power-on reset and wraps to 10^10 when it exceeds 10^12.</description>
  </attribute>
  <!--199-->
  <attribute smartctl="SATA_CRC_Error_Count" group="SandForce">
    <name>SATA CRC Error Count</name>
    <description>SATA R-Errors (CRC) Error Count.</description>
  </attribute>
  <!--201-->
  <attribute smartctl="Unc_Soft_Read_Err_Rate" group="SandForce">
    <name>Uncorrectable Soft Read Error Rate</name>
    <description>Number of soft read errors that cannot be fixed on-the-fly and requires deep recovery via RAISE (Redundant Array of Independent Silicon Elements).</description>
  </attribute>
  <!--204-->
  <attribute smartctl="Soft_ECC_Correct_Rate" group="SandForce">
    <name>Soft ECC Correction</name>
    <description>Number of errors corrected by RAISE (Redundant Array of Independent Silicon Elements) that cannot be fixed on-the-fly and requires ECC (multilevel) to correct.</description>
  </attribute>
  <!--230-->
  <attribute smartctl="Life_Curve_Status" group="SandForce">
    <name>Life Curve Status</name>
    <description>A life curve used to help predict life in terms of the endurance based on the number of writes to flash.</description>
  </attribute>
  <!--231-->
  <attribute smartctl="SSD_Life_Left" group="SandForce">
    <name>SSD Life Left</name>
    <description>A measure of the estimated life left, based on a combination of Program/Erase cycles and available reserve blocks. 100 is a new drive, 10 = replace as it has sufficient reserved blocks but the Program/Erase cycles have been used, 0 = insufficient reserved blocks, drive is read only to allow recovery of data on the drive.</description>
  </attribute>
  <!--232-->
  <attribute smartctl="Available_Reservd_Space" group="SandForce">
    <name>Available Reserved Space</name>
    <description>The number of reserved blocks remaining.</description>
  </attribute>
  <!--233 and 234-->
  <attribute smartctl="SandForce_Internal" group="SandForce">
    <name>SandForce Internal</name>
    <description>Sandforce reserved value.</description>
  </attribute>
  <!--235-->
  <attribute smartctl="SuperCap_Health" group="SandForce">
    <name>Power Fail Backup Health</name>
    <description>Power Fail Backup Health is an estimation of capacitive hold-up capability based on a timed discharge test, wherein discharge (past a pre-defined voltage threshold) faster than a predefined time-value threshold indicates a capacitor bank whose capacitance value is degraded past the point of reliability to protect SSD data. If an SSD has never run a "SuperCapacitor Test", the normalized value of this attribute remains at 100.</description>
  </attribute>
  <!--241-->
  <attribute smartctl="Lifetime_Writes_GiB" group="SandForce">
    <name>Lifetime Writes from Host</name>
    <description>Indicates the total amount of data written from hosts since the drive was deployed. The number stored represents the number of bytes written by the host to the drive, in 64 GB increments.</description>
  </attribute>
  <!--242-->
  <attribute smartctl="Lifetime_Reads_GiB" group="SandForce">
    <name>Lifetime Reads from host</name>
    <description>Indicates the total amount of data read to hosts since the drive was deployed. The number stored represents the number of bytes read by the hots from the drive, in 64 GB increments.</description>
  </attribute>
  
  <!-- ********************* -->
  <!-- ** SMART based SSD ** -->
  <!-- ********************* -->
  <!--9-->
  <attribute smartctl="Power_On_Hours" group="Smart">
    <name>Power-On Hours</name>
    <description>The Power-On Hours attribute specifies the total number of hours the drive has been operational. This counter starts when the drive is first manufactured and continues whenever the drive is powered on.</description>
  </attribute>
  <!--12-->
  <attribute smartctl="Power_Cycle_Count" group="Smart">
    <name>Power Cycle Count</name>
    <description>The Power Cycle Count attribute indicates the total number of times power has cycled on the drive.</description>
  </attribute>
  <!--192-->
  <attribute smartctl="Power-Off_Retract_Count" group="Smart">
    <name>Power-Off Retract Count</name>
    <description>The Power-Off Retract Count attribute returns the number of times the drive has been powered-off. This value is one less than the Power-Cycle Count attribute value.</description>
  </attribute>
  <!--194-->
  <attribute smartctl="Temperature_Celsius" group="Smart">
    <name>Temperature</name>
    <description>The Temperature attribute indicates the current drive temperature in degrees Celsius.</description>
  </attribute>
  <!--197-->
  <attribute smartctl="ECC_Error_Count" group="Smart">
    <name>Number of ECC Errors</name>
    <description>The Number of ECC Errors attribute specifies the number of sectors that encountered an ECC error and were recovered.</description>
  </attribute>
  <!--198-->
  <attribute smartctl="Offline_Uncorrectable" group="Smart">
    <name>Uncorrectable Errors Count</name>
    <description>The Uncorrectable Errors Count attribute returns the number of uncorrectable ECC errors that occurred. This counter increments if more than four bits in the affected sector are uncorrectable.</description>
  </attribute>
  <!--199-->
  <attribute smartctl="UDMA_CRC_Error_Count" group="Smart">
    <name>UDMA CRC Error Count</name>
    <description>The UDMA CRC Error Count attribute indicates the number of sectors that encountered a CRC error while in UDMA mode.</description>
  </attribute>
  <!--232-->
  <!--
  <attribute smartctl="" group="Smart">
    <name>Endurance Remaining</name>
    <description>The Endurance Remaining attribute reports the number of physical erase cycles completed on the drive as a percentage of the maximum physical erase cycles the drive supports. Because the maximum physical erase cycles is a theoretical number (100,000), a low value in this attribute does not necessarily mean the drive will fail. In other words, the drive may exceed the maximum number of erase cycles, causing the drive to report 0%, without impacting drive performance.</description>
  </attribute>
  -->
  <!--233-->
  <!--
  <attribute smartctl="" group="Smart">
    <name>Power-On Time</name>
    <description>The Power-On Time attribute indicates the total number of seconds the drive has been operational. This timer starts when the drive is manufactured in production and continues whenever the drive is powered on.</description>
  </attribute>
  -->
  <!--234-->
  <!--
  <attribute smartctl="" group="Smart">
    <name>Uncorrectable ECC Count</name>
    <description>The Uncorrectable ECC Count attribute stores the total number of ECC errors the drive encountered but could not resolve. If an uncorrectable ECC error occurs, the drive returns the error in the Status and Error registers and increments this counter.</description>
  </attribute>
  -->
  <!--235-->
  <!--
  <attribute smartctl="" group="Smart">
    <name>Good Block Rate</name>
    <description>The Good Block Rate attribute reports the number of available reserved blocks (for spares) as a percentage of the total number of reserved blocks. Whenever the drive swaps a reserved block for a bad block, this percentage decreases.</description>
  </attribute>
  -->
  <!--251-->
  <attribute smartctl="Min_Spares_Remain_Perc" group="Smart">
    <name>Minimum Spares Remaining</name>
    <description>The Minimum Spares Remaining attribute indicates the number of remaining spare blocks as a percentage of the total number of spare blocks available.</description>
  </attribute>
  <!--252-->
  <attribute smartctl="Added_Bad_Flash_Blk_Ct" group="Smart">
    <name>Newly Added Flash Block</name>
    <description>The Newly Added Bad Flash Block attribute indicates the total number of bad flash blocks the drive detected since it was first initialized in manufacturing.</description>
  </attribute>
  <!--254-->
  <attribute smartctl="Total_Erase_Blocks_Ct" group="Smart">
    <name>Total Erase Block Count</name>
    <description>The Total Erase Blocks attribute indicates the total number of times the drive has erased any erase block. Because a secure erase operation erases every block, this number increases significantly whenever a secure erase is performed</description>
  </attribute>

</table>