﻿<?xml version="1.0" encoding="utf-8"?>
<manufacturers>
  <manufacturer name="AData">
    <filter>ADATA</filter>
    <image>Adata.png</image>
    <www>www.adata.com/tw</www>
  </manufacturer>
  <manufacturer name="Asus-Phison">
    <filter>Asus-Phison</filter>
    <image>AsusPhison.png</image>
    <www>www.asus.com</www>
  </manufacturer>
  <manufacturer name="Corsair">
    <filter>Corsair</filter>
    <image>Corsair.png</image>
    <www>www.corsair.com</www>
  </manufacturer>
  <manufacturer name="ExcelStor">
    <filter>ExcelStor</filter>
    <image>ExcelStor.png</image>
    <www>www.excelstor.com/eng</www>
  </manufacturer>
  <manufacturer name="Hitachi">
    <filter>Hitachi</filter>
    <image>Hitachi.png</image>
    <www>www.hitachi.com</www>
  </manufacturer>
  <manufacturer name="IBM">
    <filter>IBM</filter>
    <image>IBM.png</image>
    <www>www.ibm.com</www>
  </manufacturer>
  <manufacturer name="Kingston">
    <filter>Kingston</filter>
    <image>Kingston.png</image>
    <www>www.kingston.com</www>
  </manufacturer>
  <manufacturer name="Maxtor">
    <filter>Maxtor</filter>
    <image>Maxtor.png</image>
    <www>www.maxtor.com</www>
  </manufacturer>
  <manufacturer name="OWC">
    <filter>OWC</filter>
    <image>OWC.png</image>
    <www>www.macsales.com</www>
  </manufacturer>
  <manufacturer name="Quantum">
    <filter>Quantum</filter>
    <image>Quantum.png</image>
    <www>www.quantum.com</www>
  </manufacturer>
  <manufacturer name="SandForce">
    <filter>SandForce</filter>
    <image>Sandforce.png</image>
    <www>www.sandforce.com</www>
  </manufacturer>
  <manufacturer name="Super Talent">
    <filter>STT</filter>
    <image>SuperTalent.png</image>
    <www>www.supertalent.com</www>
  </manufacturer>
  <manufacturer name="Transcend">
    <filter>Transcend</filter>
    <image>Transcend.png</image>
    <www>www.trasncend.com/tw</www>
  </manufacturer>
  <manufacturer name="Apple">
    <filter>Apple</filter>
    <image>Apple.png</image>
    <www>www.apple.com</www>
  </manufacturer>
  <manufacturer name="Conner">
    <filter>Conner</filter>
    <image>Conner.png</image>
    <www />
  </manufacturer>
  <manufacturer name="Crucial">
    <filter>Crucial</filter>
    <image>Crucial.png</image>
    <www>www.crucial.com</www>
  </manufacturer>
  <manufacturer name="Fujitsu">
    <filter>Fujitsu</filter>
    <image>Fujitsu.png</image>
    <www>www.fujitsu.com</www>
  </manufacturer>
  <manufacturer name="HP">
    <filter>HP</filter>
    <image>HP.png</image>
    <www>www.hp.com</www>
  </manufacturer>
  <manufacturer name="Intel">
    <filter>Intel</filter>
    <image>Intel.png</image>
    <www>www.intel.com</www>
  </manufacturer>
  <manufacturer name="Marvell">
    <filter>Marvell</filter>
    <image>Marvell.png</image>
    <www>www.marvell.com</www>
  </manufacturer>
  <manufacturer name="OCZ">
    <filter>OCZ</filter>
    <image>OCZ.png</image>
    <www>www.ocztechnology.com</www>
  </manufacturer>
  <manufacturer name="Patriot">
    <filter>Patriot</filter>
    <image>Patriot.png</image>
    <www>patriotmemory.com</www>
  </manufacturer>
  <manufacturer name="Samsung">
    <filter>Samsung</filter>
    <image>Samsung.png</image>
    <www>www.samsung.com</www>
  </manufacturer>
  <manufacturer name="Seagate">
    <filter>Seagate</filter>
    <image>Seagate.png</image>
    <www>www.seagate.com</www>
  </manufacturer>
  <manufacturer name="Toshiba">
    <filter>Toshiba</filter>
    <image>Toshiba.png</image>
    <www>www.toshiba.co.jp/worldwide/</www>
  </manufacturer>
  <manufacturer name="Western Digital">
    <filter>WDC</filter>
    <image>WD.png</image>
    <www>www.wdc.com</www>
  </manufacturer>
</manufacturers>