﻿<?xml version="1.0"?>
<doc>
<assembly>
<name>
hddguardian
</name>
</assembly>
<members>
<member name="P:hdd_guardian.My.Resources.Resources.ResourceManager">
	<summary>
  Restituisce l'istanza di ResourceManager nella cache utilizzata da questa classe.
</summary>
</member><member name="P:hdd_guardian.My.Resources.Resources.Culture">
	<summary>
  Esegue l'override della proprietà CurrentUICulture del thread corrente per tutte le
  ricerche di risorse eseguite utilizzando questa classe di risorse fortemente tipizzata.
</summary>
</member><member name="P:hdd_guardian.My.Resources.Resources.dafault_attributes">
	<summary>
  Cerca una stringa localizzata simile a &lt;?xml version="1.0" encoding="utf-8"?&gt;
&lt;table&gt;
  &lt;!--BASIC EMPTY BLOCK--&gt;
  &lt;!--
  &lt;attribute smartctl=""&gt;
    &lt;name&gt;&lt;/name&gt;
    &lt;description&gt;&lt;/description&gt;
  &lt;/attribute&gt;
  --&gt;
  
  &lt;attribute smartctl="Dummy" group="Generic"&gt;
    &lt;name&gt;Unknown&lt;/name&gt;
    &lt;description&gt;No informations for this attribute.&lt;/description&gt;
  &lt;/attribute&gt;
  &lt;attribute smartctl="Not_Supported" group="Generic"&gt;
    &lt;name&gt;Attribute not supported&lt;/name&gt;
    &lt;description&gt;This attribute is not supported by this unit.&lt;/d [stringa troncata]";.
</summary>
</member><member name="P:hdd_guardian.My.Resources.Resources.database">
	<summary>
  Cerca una stringa localizzata simile a &lt;?xml version="1.0" encoding="utf-8"?&gt;
&lt;entries&gt;
  &lt;item&gt;
    &lt;model&gt;APPLE SSD SM128&lt;/model&gt;
    &lt;firmware&gt;.*&lt;/firmware&gt;
    &lt;family&gt;Apple SSD SM128&lt;/family&gt;
    &lt;options&gt;None preset; no -v options are required.&lt;/options&gt;
    &lt;other&gt;&lt;/other&gt;
    &lt;warnings&gt;&lt;/warnings&gt;
  &lt;/item&gt;
  &lt;item&gt;
    &lt;model&gt;ASUS-PHISON SSD&lt;/model&gt;
    &lt;firmware&gt;.*&lt;/firmware&gt;
    &lt;family&gt;Asus-Phison SSD&lt;/family&gt;
    &lt;options&gt;None preset; no -v options are required.&lt;/options&gt;
    &lt;other&gt;&lt;/other&gt;
    &lt;warnings&gt;&lt;/warnings&gt; [stringa troncata]";.
</summary>
</member><member name="P:hdd_guardian.My.Resources.Resources.default_interface">
	<summary>
  Cerca una stringa localizzata simile a &lt;?xml version="1.0" encoding="utf-8" ?&gt;
&lt;interface&gt;
  &lt;info language="English" translator="Parise Samuele" version="4.0"/&gt;
  &lt;!-- ///// Main window \\\\\ --&gt;
  &lt;!-- Device context menu --&gt;
  &lt;string id="0001" text="Update"/&gt;
  &lt;string id="0002" text="Update all"/&gt;
  &lt;string id="0003" text="Add virtual device"/&gt;
  &lt;string id="0004" text="Remove virtual device"/&gt;
  &lt;string id="0008" text="Rescan external devices"/&gt;
  &lt;!-- Trayicon context menu --&gt;
  &lt;string id="0005" text="Restore"/&gt;
  &lt;string id= [stringa troncata]";.
</summary>
</member><member name="P:hdd_guardian.My.Resources.Resources.License">
	<summary>
  Cerca una stringa localizzata simile a GNU GENERAL PUBLIC LICENSE

Version 2, June 1991

Copyright (C) 1989, 1991 Free Software Foundation, Inc.  
51 Franklin Street, Fifth Floor, Boston, MA  02110-1301, USA

Everyone is permitted to copy and distribute verbatim copies
of this license document, but changing it is not allowed.

Preamble

The licenses for most software are designed to take away your freedom to share and change it. By contrast, the GNU General Public License is intended to guarantee your freedom to share and change free [stringa troncata]";.
</summary>
</member><member name="P:hdd_guardian.My.Resources.Resources.rc">
	<summary>
  Cerca una stringa localizzata simile a .
</summary>
</member><member name="T:hdd_guardian.My.Resources.Resources">
	<summary>
  Classe di risorse fortemente tipizzata per la ricerca di stringhe localizzate e così via.
</summary>
</member><member name="P:hdd_guardian.DevicePanel.Model">
	<summary>
 Get/set device model
 </summary>
</member><member name="P:hdd_guardian.DevicePanel.Path">
	<summary>
 Get/set device path (like "/dev/sda")
 </summary>
</member><member name="P:hdd_guardian.DevicePanel.TotalSize">
	<summary>
 Get/set device total size
 </summary>
</member><member name="P:hdd_guardian.DevicePanel.Firmware">
	<summary>
 Get/set device firmware version
 </summary>
</member><member name="P:hdd_guardian.DevicePanel.Serial">
	<summary>
 Get/set device serial number
 </summary>
</member><member name="P:hdd_guardian.DevicePanel.Web">
	<summary>
 Get/set manufacturer web link
 </summary>
</member>
</members>
</doc>