﻿<?xml version="1.0" encoding="utf-8"?>
<entries>
  <item>
    <model>APPLE SSD SM128</model>
    <firmware>.*</firmware>
    <family>Apple SSD SM128</family>
    <options>None preset; no -v options are required.</options>
    <other></other>
    <warnings></warnings>
  </item>
  <item>
    <model>ASUS-PHISON SSD</model>
    <firmware>.*</firmware>
    <family>Asus-Phison SSD</family>
    <options>None preset; no -v options are required.</options>
    <other></other>
    <warnings></warnings>
  </item>
  <item>
    <model>C300-CTFDDA[AC](064|128|256)MAG|C400-MTFDDA[ACK](064|128|256|512)MAM|M4-CT(064|128|256)M4SSD2</model>
    <firmware>.*</firmware>
    <family>Crucial/Micron RealSSD C300/C400</family>
    <options>170 Grown_Failing_Block_Ct
171 Program_Fail_Count
172 Erase_Fail_Count
173 Wear_Levelling_Count
174 Unexpect_Power_Loss_Ct
181 Non4k_Aligned_Access
183 SATA_Iface_Downshift
189 Factory_Bad_Block_Ct
202 Perc_Rated_Life_Used
206 Write_Error_Rate</options>
    <other></other>
    <warnings></warnings>
  </item>
  <item>
    <model>SandForce 1st Ed\.|ADATA SSD S599 .?..GB|Corsair CSSD-F(40|60|80|120|160|240)GBP?2.*|FTM(06|12|24|48)CT25H|KINGSTON SH100S3(120|240)G|OCZ[ -](AGILITY2([ -]EX)?|COLOSSUS2|ONYX2|VERTEX2|VERTEX-LE)( [123]\..*)?|OCZ-REVODRIVE( X2)?|OCZ[ -](VELO|VERTEX2[ -](EX|PRO))( [123]\..*)?|D2CSTK251M11-(0120|0240|0400)|OCZ-(AGILITY3|VERTEX3)|(APOC|DENC|DENEVA|FTNC|GFGC|MANG|MMOC|NIMC|TMSC).*|(DENR|DRSAK|EC188|NIMR|PSIR|TRSAK).*|OWC Mercury Extreme Pro (RE )?SSD|UGB(88P|99S)GC...H[BF].</model>
    <firmware>.*</firmware>
    <family>SandForce Driven SSDs</family>
    <options>001 Raw_Read_Error_Rate
005 Retired_Block_Count
009 Power_On_Hours_and_Msec
013 Soft_Read_Error_Rate
100 Gigabytes_Erased
170 Reserve_Block_Count
171 Program_Fail_Count
172 Erase_Fail_Count
174 Unexpect_Power_Loss_Ct
177 Wear_Range_Delta
181 Program_Fail_Count
182 Erase_Fail_Count
184 IO_Error_Detect_Code_Ct
195 ECC_Uncorr_Error_Count
198 Uncorrectable_Sector_Ct
199 SATA_CRC_Error_Count
201 Unc_Soft_Read_Err_Rate
204 Soft_ECC_Correct_Rate
230 Life_Curve_Status
231 SSD_Life_Left
233 SandForce_Internal
234 SandForce_Internal
235 SuperCap_Health
241 Lifetime_Writes_GiB
242 Lifetime_Reads_GiB</options>
    <other></other>
    <warnings></warnings>
  </item>
  <item>
    <model>CRUCIAL_CT(64|128|256)M225|G.SKILL FALCON (64|128|256)GB SSD|OCZ[ -](AGILITY|ONYX|VERTEX( 1199|-TURBO)?)|Patriot[ -]Torqx.*|RENICE Z2|STT_FT[MD](28|32|56|64)GX25H|TS(18|25)M(64|128)MLC(16|32|64|128|256|512)GSSD|FM-25S2I-(64|128)GBFII|TS(60|120)GSSD25D-M</model>
    <firmware>.*</firmware>
    <family>Indilinx Barefoot based SSDs</family>
    <options>001 Raw_Read_Error_Rate
009 Power_On_Hours
012 Power_Cycle_Count
184 Initial_Bad_Block_Count
195 Program_Failure_Blk_Ct
196 Erase_Failure_Blk_Ct
197 Read_Failure_Blk_Ct
198 Read_Sectors_Tot_Ct
199 Write_Sectors_Tot_Ct
200 Read_Commands_Tot_Ct
201 Write_Commands_Tot_Ct
202 Error_Bits_Flash_Tot_Ct
203 Corr_Read_Errors_Tot_Ct
204 Bad_Block_Full_Flag
205 Max_PE_Count_Spec
206 Min_Erase_Count
207 Max_Erase_Count
208 Average_Erase_Count
209 Remaining_Lifetime_Perc
210 Indilinx_Internal
211 SATA_Error_Ct_CRC
212 SATA_Error_Ct_Handshake
213 Indilinx_Internal</options>
    <other></other>
    <warnings></warnings>
  </item>
  <item>
    <model>SSDSA2SH(032|064)G1.* INTEL</model>
    <firmware>.*</firmware>
    <family>Intel X25-E SSDs</family>
    <options>192 Unsafe_Shutdown_Count
225 Host_Writes_32MiB
226 Intel_Internal
227 Intel_Internal
228 Intel_Internal</options>
    <other></other>
    <warnings></warnings>
  </item>
  <item>
    <model>INTEL SSDSA[12]MH(080|160)G1.*</model>
    <firmware>.*</firmware>
    <family>Intel X18-M/X25-M G1 SSDs</family>
    <options>192 Unsafe_Shutdown_Count
225 Host_Writes_32MiB
226 Intel_Internal
227 Intel_Internal
228 Intel_Internal</options>
    <other></other>
    <warnings></warnings>
  </item>
  <item>
    <model>INTEL SSDSA[12]M(040|080|120|160)G2.*</model>
    <firmware>2CV102(J[89A-Z]|[K-Z].)</firmware>
    <family>Intel X18-M/X25-M/X25-V G2 SSDs</family>
    <options>192 Unsafe_Shutdown_Count
225 Host_Writes_32MiB
226 Workld_Media_Wear_Indic
227 Workld_Host_Reads_Perc
228 Workload_Minutes</options>
    <other></other>
    <warnings></warnings>
  </item>
  <item>
    <model>INTEL SSDSA[12]M(040|080|120|160)G2.*</model>
    <firmware>.*</firmware>
    <family>Intel X18-M/X25-M/X25-V G2 SSDs</family>
    <options>192 Unsafe_Shutdown_Count
225 Host_Writes_32MiB
226 Workld_Media_Wear_Indic
227 Workld_Host_Reads_Perc
228 Workload_Minutes</options>
    <other></other>
    <warnings>This drive may require a firmware update to
fix possible drive hangs when reading SMART self-test log:
http://downloadcenter.intel.com/Detail_Desc.aspx?DwnldID=18363</warnings>
  </item>
  <item>
    <model>INTEL SSDSA[12]CW(040|080|120|160|300|600)G3</model>
    <firmware>.*</firmware>
    <family>Intel 320 Series SSDs</family>
    <options>170 Reserve_Block_Count
171 Program_Fail_Count
172 Erase_Fail_Count
192 Unsafe_Shutdown_Count
225 Host_Writes_32MiB
226 Workld_Media_Wear_Indic
227 Workld_Host_Reads_Perc
228 Workload_Minutes
241 Host_Writes_32MiB
242 Host_Reads_32MiB</options>
    <other></other>
    <warnings></warnings>
  </item>
  <item>
    <model>INTEL SSDSA2BZ(100|200|300)G3</model>
    <firmware>.*</firmware>
    <family>Intel 710 Series SSDs</family>
    <options>170 Reserve_Block_Count
171 Program_Fail_Count
172 Erase_Fail_Count
183 SATA_Downshift_Count
192 Unsafe_Shutdown_Count
225 Host_Writes_32MiB
226 Workld_Media_Wear_Indic
227 Workld_Host_Reads_Perc
228 Workload_Minutes
241 Host_Writes_32MiB
242 Host_Reads_32MiB</options>
    <other></other>
    <warnings></warnings>
  </item>
  <item>
    <model>INTEL SSDSC2MH(120|250)A2</model>
    <firmware>.*</firmware>
    <family>Intel 510 Series SSDs</family>
    <options>192 Unsafe_Shutdown_Count
225 Host_Writes_32MiB</options>
    <other></other>
    <warnings></warnings>
  </item>
  <item>
    <model>KINGSTON SSDNow 40GB</model>
    <firmware>2CV102(J[89A-Z]|[K-Z].)</firmware>
    <family>Kingston branded X25-V SSDs</family>
    <options>192 Unsafe_Shutdown_Count
225 Host_Writes_32MiB
226 Workld_Media_Wear_Indic
227 Workld_Host_Reads_Perc
228 Workload_Minutes</options>
    <other></other>
    <warnings></warnings>
  </item>
  <item>
    <model>KINGSTON SSDNow 40GB</model>
    <firmware>.*</firmware>
    <family>Kingston branded X25-V SSDs</family>
    <options>192 Unsafe_Shutdown_Count
225 Host_Writes_32MiB
226 Workld_Media_Wear_Indic
227 Workld_Host_Reads_Perc
228 Workload_Minutes</options>
    <other></other>
    <warnings>This drive may require a firmware update to
fix possible drive hangs when reading SMART self-test log.
To update Kingston branded drives, a modified Intel update
tool must be used. Search for "kingston 40gb firmware".</warnings>
  </item>
  <item>
    <model>Kingston SSDNow V Series [0-9]*GB|TS(2|4|8|16|32|64|128|192)GSSD25S?-(M|S)</model>
    <firmware>[BV].*</firmware>
    <family>JMicron based SSDs</family>
    <options>229 Halt_System/Flash_ID
232 Firmware_Version_Info
233 ECC_Fail_Record
234 Avg/Max_Erase_Ct
235 Good/Sys_Block_Ct</options>
    <other></other>
    <warnings></warnings>
  </item>
  <item>
    <model>KINGSTON SNV425S2(64|128)GB|KINGSTON SS100S2(8|16)G|KINGSTON SVP?100S2B?(64|96|128|256|512)G|TOSHIBA THNS128GG4BBAA|APPLE SSD TS.*|ADATA S596 Turbo|TS(8|16|32|64|128|192|256|512)GSSD25S-(MD?|S)</model>
    <firmware>.*</firmware>
    <family>JMicron based SSDs</family>
    <options>003 Unknown_Attribute
007 Unknown_Attribute
008 Unknown_Attribute
010 Unknown_Attribute
168 SATA_Phy_Error_Count
170 Bad_Block_Count
173 Erase_Count
175 Bad_Cluster_Table_Count
192 Unexpect_Power_Loss_Ct
240 Unknown_Attribute</options>
    <other></other>
    <warnings></warnings>
  </item>
  <item>
    <model>SAMSUNG SSD PM800 .*GB|SAMSUNG SSD PM810 .*GB|SAMSUNG 470 Series SSD</model>
    <firmware>.*</firmware>
    <family>Samsung based SSDs</family>
    <options>187 Uncorrectable_Error_Cnt
195 ECC_Rate
199 CRC_Error_Count
201 Supercap_Status
202 Exception_Mode_Status</options>
    <other></other>
    <warnings></warnings>
  </item>
  <item>
    <model>TRANSCEND|TS(4|8|16)GCF133</model>
    <firmware>.*</firmware>
    <family>Transcend CompactFlash Cards</family>
    <options>007 Unknown_Attribute
008 Unknown_Attribute</options>
    <other></other>
    <warnings></warnings>
  </item>
  <item>
    <model>MARVELL SD88SA024BA0 SUN24G 0902M0054V</model>
    <firmware>.*</firmware>
    <family>Marvell SSD SD88SA024BA0 (SUN branded)</family>
    <options>None preset; no -v options are required.</options>
    <other></other>
    <warnings></warnings>
  </item>
  <item>
    <model>GB1000EAFJL</model>
    <firmware>.*</firmware>
    <family>HP 1TB SATA disk GB1000EAFJL</family>
    <options>None preset; no -v options are required.</options>
    <other></other>
    <warnings></warnings>
  </item>
  <item>
    <model>MM0500EANCR</model>
    <firmware>.*</firmware>
    <family>HP 500GB SATA disk MM0500EANCR</family>
    <options>None preset; no -v options are required.</options>
    <other></other>
    <warnings></warnings>
  </item>
  <item>
    <model>VB0250EAVER</model>
    <firmware>.*</firmware>
    <family>HP 250GB SATA disk VB0250EAVER</family>
    <options>None preset; no -v options are required.</options>
    <other></other>
    <warnings></warnings>
  </item>
  <item>
    <model>(IBM-|Hitachi )?IC35L0[12346]0AVER07.*</model>
    <firmware>ER60A46A</firmware>
    <family>IBM Deskstar 60GXP</family>
    <options>None preset; no -v options are required.</options>
    <other></other>
    <warnings></warnings>
  </item>
  <item>
    <model>(IBM-|Hitachi )?IC35L0[12346]0AVER07.*</model>
    <firmware>.*</firmware>
    <family>IBM Deskstar 60GXP</family>
    <options>None preset; no -v options are required.</options>
    <other></other>
    <warnings>IBM Deskstar 60GXP drives may need upgraded SMART firmware.
Please see http://haque.net/dtla_update/ and
http://www.ibm.com/pc/support/site.wss/MIGR-42215.html</warnings>
  </item>
  <item>
    <model>(IBM-)?DTLA-30[57]0[123467][05].*</model>
    <firmware>T[WX][123468AG][OF]A[56]AA</firmware>
    <family>IBM Deskstar 40GV &amp; 75GXP (A5AA/A6AA firmware)</family>
    <options>None preset; no -v options are required.</options>
    <other></other>
    <warnings></warnings>
  </item>
  <item>
    <model>(IBM-)?DTLA-30[57]0[123467][05].*</model>
    <firmware>.*</firmware>
    <family>IBM Deskstar 40GV &amp; 75GXP (all other firmware)</family>
    <options>None preset; no -v options are required.</options>
    <other></other>
    <warnings>IBM Deskstar 40GV and 75GXP drives may need upgraded SMART firmware.
Please see http://haque.net/dtla_update/ and
http://www.ibm.com/pc/support/site.wss/MIGR-42215.html</warnings>
  </item>
  <item>
    <model>ExcelStor Technology J(24|34|36|68|88|816)0</model>
    <firmware>.*</firmware>
    <family>ExcelStor Tecnology</family>
    <options>None preset; no -v options are required.</options>
    <other></other>
    <warnings></warnings>
  </item>
  <item>
    <model>FUJITSU M1623TAU</model>
    <firmware>.*</firmware>
    <family>FUJITSU M1623TAU</family>
    <options>009 Power_On_Seconds</options>
    <other></other>
    <warnings></warnings>
  </item>
  <item>
    <model>FUJITSU MHG2...ATU?.*</model>
    <firmware>.*</firmware>
    <family>Fujitsu MHG</family>
    <options>009 Power_On_Seconds</options>
    <other></other>
    <warnings></warnings>
  </item>
  <item>
    <model>FUJITSU MHH2...ATU?.*</model>
    <firmware>.*</firmware>
    <family>Fujitsu MHH</family>
    <options>009 Power_On_Seconds</options>
    <other></other>
    <warnings></warnings>
  </item>
  <item>
    <model>FUJITSU MHJ2...ATU?.*</model>
    <firmware>.*</firmware>
    <family>Fujitsu MHJ</family>
    <options>009 Power_On_Seconds</options>
    <other></other>
    <warnings></warnings>
  </item>
  <item>
    <model>FUJITSU MHK2...ATU?.*</model>
    <firmware>.*</firmware>
    <family>Fujitsu MHK</family>
    <options>009 Power_On_Seconds</options>
    <other></other>
    <warnings></warnings>
  </item>
  <item>
    <model>FUJITSU MHL2300AT</model>
    <firmware>.*</firmware>
    <family>FUJITSU MHL2300AT</family>
    <options>009 Power_On_Seconds</options>
    <other></other>
    <warnings>This drive's firmware has a harmless Drive Identity Structure
checksum error bug.</warnings>
  </item>
  <item>
    <model>FUJITSU MHM2(20|15|10|06)0AT</model>
    <firmware>.*</firmware>
    <family>FUJITSU MHM2</family>
    <options>009 Power_On_Seconds</options>
    <other></other>
    <warnings>This drive's firmware has a harmless Drive Identity Structure
checksum error bug.</warnings>
  </item>
  <item>
    <model>FUJITSU MHN2...AT</model>
    <firmware>.*</firmware>
    <family>Fujitsu MHN</family>
    <options>009 Power_On_Seconds</options>
    <other></other>
    <warnings></warnings>
  </item>
  <item>
    <model>FUJITSU MHR2020AT</model>
    <firmware>.*</firmware>
    <family>FUJITSU MHR2020AT</family>
    <options>009 Power_On_Seconds</options>
    <other></other>
    <warnings></warnings>
  </item>
  <item>
    <model>FUJITSU MHR2040AT</model>
    <firmware>.*</firmware>
    <family>FUJITSU MHR2040AT</family>
    <options>009 Power_On_Seconds
192 Emerg_Retract_Cycle_Ct
198 Offline_Scan_UNC_SectCt
200 Write_Error_Count</options>
    <other></other>
    <warnings></warnings>
  </item>
  <item>
    <model>FUJITSU MHS20[6432]0AT(  .)?</model>
    <firmware>.*</firmware>
    <family>Fujitsu MHS AT</family>
    <options>009 Power_On_Seconds
192 Emerg_Retract_Cycle_Ct
198 Offline_Scan_UNC_SectCt
200 Write_Error_Count
201 Detected_TA_Count</options>
    <other></other>
    <warnings></warnings>
  </item>
  <item>
    <model>FUJITSU MHT2...(AC|AH|AS|AT|BH)U?.*</model>
    <firmware>.*</firmware>
    <family>Fujitsu MHT</family>
    <options>009 Power_On_Seconds</options>
    <other></other>
    <warnings></warnings>
  </item>
  <item>
    <model>FUJITSU MHU2...ATU?.*</model>
    <firmware>.*</firmware>
    <family>Fujitsu MHU</family>
    <options>009 Power_On_Seconds</options>
    <other></other>
    <warnings></warnings>
  </item>
  <item>
    <model>FUJITSU MHV2...(AH|AS|AT|BH|BS|BT).*</model>
    <firmware>.*</firmware>
    <family>Fujitsu MHV</family>
    <options>009 Power_On_Seconds</options>
    <other></other>
    <warnings></warnings>
  </item>
  <item>
    <model>FUJITSU MP[A-G]3...A[HTEV]U?.*</model>
    <firmware>.*</firmware>
    <family>Fujitsu MPA..MPG</family>
    <options>009 Power_On_Seconds</options>
    <other></other>
    <warnings></warnings>
  </item>
  <item>
    <model>FUJITSU MHY2(04|06|08|10|12|16|20|25)0BH.*</model>
    <firmware>.*</firmware>
    <family>Fujitsu MHY BH</family>
    <options>240 Transfer_Error_Rate</options>
    <other></other>
    <warnings></warnings>
  </item>
  <item>
    <model>FUJITSU MHW20(40|60)AC</model>
    <firmware>.*</firmware>
    <family>Fujitsu MHW AC</family>
    <options>None preset; no -v options are required.</options>
    <other></other>
    <warnings></warnings>
  </item>
  <item>
    <model>FUJITSU MHW2(04|06|08|10|12|16)0BH.*</model>
    <firmware>.*</firmware>
    <family>Fujitsu MHW BH</family>
    <options>None preset; no -v options are required.</options>
    <other></other>
    <warnings></warnings>
  </item>
  <item>
    <model>FUJITSU MHW2(08|12|16)0BJ.*</model>
    <firmware>.*</firmware>
    <family>Fujitsu MHW BJ</family>
    <options>None preset; no -v options are required.</options>
    <other></other>
    <warnings></warnings>
  </item>
  <item>
    <model>FUJITSU MHZ2(04|08|12|16|20|25|32)0BH.*</model>
    <firmware>.*</firmware>
    <family>Fujitsu MHZ BH</family>
    <options>None preset; no -v options are required.</options>
    <other></other>
    <warnings></warnings>
  </item>
  <item>
    <model>FUJITSU MHZ2(08|12|16|20|25|32)0BJ.*</model>
    <firmware>.*</firmware>
    <family>Fujitsu MHZ BJ</family>
    <options>009 Power_On_Minutes</options>
    <other></other>
    <warnings></warnings>
  </item>
  <item>
    <model>FUJITSU MHZ2(12|25)0BS.*</model>
    <firmware>.*</firmware>
    <family>Fujitsu MHZ BS</family>
    <options>None preset; no -v options are required.</options>
    <other></other>
    <warnings></warnings>
  </item>
  <item>
    <model>FUJITSU MHZ2(08|12|16|25)0BK.*</model>
    <firmware>.*</firmware>
    <family>Fujitsu MHZ BK</family>
    <options>None preset; no -v options are required.</options>
    <other></other>
    <warnings></warnings>
  </item>
  <item>
    <model>FUJITSU MJA2(08|12|16|25|32|40|50)0BH.*</model>
    <firmware>.*</firmware>
    <family>Fujitsu MJA BH</family>
    <options>None preset; no -v options are required.</options>
    <other></other>
    <warnings></warnings>
  </item>
  <item>
    <model>SAMSUNG SV4012H</model>
    <firmware>RM100-08</firmware>
    <family>SAMSUNG SV4012H</family>
    <options>009 Power_On_Half_Minutes</options>
    <other>Fixes byte order in some SMART data (same as -F samsung)</other>
    <warnings></warnings>
  </item>
  <item>
    <model>SAMSUNG SV4012H</model>
    <firmware>.*</firmware>
    <family>SAMSUNG SV4012H</family>
    <options>009 Power_On_Half_Minutes</options>
    <other>Fixes byte order in some SMART data (same as -F samsung)</other>
    <warnings>May need -F samsung disabled; see manual for details.</warnings>
  </item>
  <item>
    <model>SAMSUNG SV0412H</model>
    <firmware>SK100-01</firmware>
    <family>SAMSUNG SV0412H</family>
    <options>009 Power_On_Half_Minutes
194 Temperature_Celsius_x10</options>
    <other>Fixes byte order in some SMART data (same as -F samsung)</other>
    <warnings></warnings>
  </item>
  <item>
    <model>SAMSUNG SV0412H</model>
    <firmware>.*</firmware>
    <family>SAMSUNG SV0412H</family>
    <options>009 Power_On_Half_Minutes
194 Temperature_Celsius_x10</options>
    <other>Fixes byte order in some SMART data (same as -F samsung)</other>
    <warnings>May need -F samsung disabled; see manual for details.</warnings>
  </item>
  <item>
    <model>SAMSUNG SV1204H</model>
    <firmware>RK100-1[3-5]</firmware>
    <family>SAMSUNG SV1204H</family>
    <options>009 Power_On_Half_Minutes
194 Temperature_Celsius_x10</options>
    <other>Fixes byte order in some SMART data (same as -F samsung)</other>
    <warnings></warnings>
  </item>
  <item>
    <model>SAMSUNG SV1204H</model>
    <firmware>.*</firmware>
    <family>SAMSUNG SV1204H</family>
    <options>009 Power_On_Half_Minutes
194 Temperature_Celsius_x10</options>
    <other>Fixes byte order in some SMART data (same as -F samsung)</other>
    <warnings>May need -F samsung disabled; see manual for details.</warnings>
  </item>
  <item>
    <model>SAMSUNG SV0322A</model>
    <firmware>.*</firmware>
    <family>SAMSUNG SV0322A</family>
    <options>None preset; no -v options are required.</options>
    <other></other>
    <warnings></warnings>
  </item>
  <item>
    <model>SAMSUNG SV(0211|0401|0612|0802|1203|1604)N</model>
    <firmware>.*</firmware>
    <family>SAMSUNG SpinPoint V80</family>
    <options>009 Power_On_Half_Minutes</options>
    <other>Fixes byte order in some SMART data (same as -F samsung2)</other>
    <warnings></warnings>
  </item>
  <item>
    <model>SAMSUNG SP40A2H</model>
    <firmware>RR100-07</firmware>
    <family>SAMSUNG SP40A2H</family>
    <options>009 Power_On_Half_Minutes</options>
    <other>Fixes byte order in some SMART data (same as -F samsung)</other>
    <warnings></warnings>
  </item>
  <item>
    <model>SAMSUNG SP80A4H</model>
    <firmware>RT100-06</firmware>
    <family>SAMSUNG SP80A4H</family>
    <options>009 Power_On_Half_Minutes</options>
    <other>Fixes byte order in some SMART data (same as -F samsung)</other>
    <warnings></warnings>
  </item>
  <item>
    <model>SAMSUNG SP8004H</model>
    <firmware>QW100-61</firmware>
    <family>SAMSUNG SP8004H</family>
    <options>009 Power_On_Half_Minutes</options>
    <other>Fixes byte order in some SMART data (same as -F samsung)</other>
    <warnings></warnings>
  </item>
  <item>
    <model>SAMSUNG HD(083G|16[12]G|25[12]H|32[12]H|50[12]I|642J|75[23]L|10[23]U)J</model>
    <firmware>.*</firmware>
    <family>SAMSUNG SpinPoint F1 DT</family>
    <options>None preset; no -v options are required.</options>
    <other></other>
    <warnings></warnings>
  </item>
  <item>
    <model>SAMSUNG HE(252H|322H|502I|642J|753L|103U)J</model>
    <firmware>.*</firmware>
    <family>SAMSUNG SpinPoint F1 RE</family>
    <options>None preset; no -v options are required.</options>
    <other></other>
    <warnings></warnings>
  </item>
  <item>
    <model>SAMSUNG HD(502H|10[23]S|15[34]U)I</model>
    <firmware>.*</firmware>
    <family>SAMSUNG SpinPoint F2 EG</family>
    <options>None preset; no -v options are required.</options>
    <other></other>
    <warnings></warnings>
  </item>
  <item>
    <model>SAMSUNG HD(502H|754J|103S)J</model>
    <firmware>.*</firmware>
    <family>SAMSUNG SpinPoint F3</family>
    <options>None preset; no -v options are required.</options>
    <other></other>
    <warnings></warnings>
  </item>
  <item>
    <model>SAMSUNG HD(253G|(324|503)H|754J|105S|(153|203)W)I</model>
    <firmware>.*</firmware>
    <family>SAMSUNG SpinPoint F3 EG</family>
    <options>None preset; no -v options are required.</options>
    <other></other>
    <warnings></warnings>
  </item>
  <item>
    <model>SAMSUNG HD(155|204)UI</model>
    <firmware>.*</firmware>
    <family>SAMSUNG SpinPoint F4 EG (AFT)</family>
    <options>None preset; no -v options are required.</options>
    <other></other>
    <warnings>Using smartmontools or hdparm with this
drive may result in data loss due to a firmware bug.
****** THIS DRIVE MAY OR MAY NOT BE AFFECTED! ******
Buggy and fixed firmware report same version number!
See the following web pages for details:
http://www.samsung.com/global/business/hdd/faqView.do?b2b_bbs_msg_id=386
http://sourceforge.net/apps/trac/smartmontools/wiki/SamsungF4EGBadBlocks</warnings>
  </item>
  <item>
    <model>SAMSUNG HD(162|200|250)HJ</model>
    <firmware>.*</firmware>
    <family>SAMSUNG SpinPoint S250</family>
    <options>None preset; no -v options are required.</options>
    <other></other>
    <warnings></warnings>
  </item>
  <item>
    <model>SAMSUNG HD(250KD|(30[01]|320|40[01])L[DJ])</model>
    <firmware>.*</firmware>
    <family>SAMSUNG SpinPoint T133</family>
    <options>None preset; no -v options are required.</options>
    <other></other>
    <warnings></warnings>
  </item>
  <item>
    <model>SAMSUNG HD(080G|160H|32[01]K|403L|50[01]L)J</model>
    <firmware>.*</firmware>
    <family>SAMSUNG SpinPoint T166</family>
    <options>197 Total_Pending_Sectors</options>
    <other></other>
    <warnings></warnings>
  </item>
  <item>
    <model>SAMSUNG SP(16[01]3|2[05][01]4)[CN]</model>
    <firmware>VF100-37</firmware>
    <family>SAMSUNG SpinPoint P120</family>
    <options>None preset; no -v options are required.</options>
    <other>Fixes completed self-test reported as in progress (same as -F samsung3)</other>
    <warnings></warnings>
  </item>
  <item>
    <model>SAMSUNG SP(16[01]3|2[05][01]4)[CN]</model>
    <firmware>.*</firmware>
    <family>SAMSUNG SpinPoint P120</family>
    <options>None preset; no -v options are required.</options>
    <other></other>
    <warnings>May need -F samsung3 enabled; see manual for details.</warnings>
  </item>
  <item>
    <model>SAMSUNG HD(080H|120I|160J)J</model>
    <firmware>.*</firmware>
    <family>SAMSUNG SpinPoint P80 SD</family>
    <options>None preset; no -v options are required.</options>
    <other></other>
    <warnings></warnings>
  </item>
  <item>
    <model>SAMSUNG SP(0451|08[0124]2|12[0145]3|16[0145]4)[CN]</model>
    <firmware>BH100-35</firmware>
    <family>SAMSUNG SpinPoint P80</family>
    <options>None preset; no -v options are required.</options>
    <other>Fixes completed self-test reported as in progress (same as -F samsung3)</other>
    <warnings></warnings>
  </item>
  <item>
    <model>SAMSUNG SP(0451|08[0124]2|12[0145]3|16[0145]4)[CN]</model>
    <firmware>.*-3[5-9]</firmware>
    <family>SAMSUNG SpinPoint P80</family>
    <options>None preset; no -v options are required.</options>
    <other></other>
    <warnings>May need -F samsung3 enabled; see manual for details.</warnings>
  </item>
  <item>
    <model>SAMSUNG SP(0451|08[0124]2|12[0145]3|16[0145]4)[CN]</model>
    <firmware>.*-(2[5-9]|3[0-4])</firmware>
    <family>SAMSUNG SpinPoint P80</family>
    <options>009 Power_On_Half_Minutes
198 Total_Offl_Uncorrectabl</options>
    <other></other>
    <warnings></warnings>
  </item>
  <item>
    <model>SAMSUNG SP(0451|08[0124]2|12[0145]3|16[0145]4)[CN]</model>
    <firmware>.*-2[34]</firmware>
    <family>SAMSUNG SpinPoint P80</family>
    <options>009 Power_On_Half_Minutes</options>
    <other>Fixes byte order in some SMART data (same as -F samsung2)</other>
    <warnings></warnings>
  </item>
  <item>
    <model>SAMSUNG SP(0451|08[0124]2|12[0145]3|16[0145]4)[CN]</model>
    <firmware>.*</firmware>
    <family>SAMSUNG SpinPoint P80</family>
    <options>None preset; no -v options are required.</options>
    <other></other>
    <warnings>May need -F samsung2 or -F samsung3 enabled; see manual for details.</warnings>
  </item>
  <item>
    <model>SAMSUNG HM(0[468]0H|1[026]0J)[CI]</model>
    <firmware>.*</firmware>
    <family>SAMSUNG SpinPoint M40/60/80</family>
    <options>009 Power_On_Half_Minutes</options>
    <other></other>
    <warnings></warnings>
  </item>
  <item>
    <model>SAMSUNG HM(((061|080)G|(121|160)H|250J)I|160HC)</model>
    <firmware>.*</firmware>
    <family>SAMSUNG SpinPoint M5</family>
    <options>None preset; no -v options are required.</options>
    <other></other>
    <warnings></warnings>
  </item>
  <item>
    <model>SAMSUNG HM(251J|320[HJ]|[45]00L)I</model>
    <firmware>.*</firmware>
    <family>SAMSUNG SpinPoint M6</family>
    <options>None preset; no -v options are required.</options>
    <other></other>
    <warnings></warnings>
  </item>
  <item>
    <model>SAMSUNG HM(250H|320I|[45]00J)I</model>
    <firmware>.*</firmware>
    <family>SAMSUNG SpinPoint M7</family>
    <options>None preset; no -v options are required.</options>
    <other></other>
    <warnings></warnings>
  </item>
  <item>
    <model>SAMSUNG HM(161G|(251|321)H|501I|641J)I</model>
    <firmware>.*</firmware>
    <family>SAMSUNG SpinPoint M7E (AFT)</family>
    <options>None preset; no -v options are required.</options>
    <other></other>
    <warnings></warnings>
  </item>
  <item>
    <model>SAMSUNG HM(162H|252H|322I|502J)X</model>
    <firmware>.*</firmware>
    <family>SAMSUNG SpinPoint M7U</family>
    <options>None preset; no -v options are required.</options>
    <other></other>
    <warnings></warnings>
  </item>
  <item>
    <model>SAMSUNG HM(250H|320H|500J|640J)J</model>
    <firmware>.*</firmware>
    <family>SAMSUNG SpinPoint MP5</family>
    <options>None preset; no -v options are required.</options>
    <other></other>
    <warnings></warnings>
  </item>
  <item>
    <model>SAMSUNG HM100UI</model>
    <firmware>.*</firmware>
    <family>SAMSUNG SpinPoint MT2</family>
    <options>None preset; no -v options are required.</options>
    <other></other>
    <warnings></warnings>
  </item>
  <item>
    <model>SAMSUNG HM100UX</model>
    <firmware>.*</firmware>
    <family>SAMSUNG HM100UX (S2 Portable)</family>
    <options>None preset; no -v options are required.</options>
    <other></other>
    <warnings></warnings>
  </item>
  <item>
    <model>SAMSUNG MP0(302|402|603|804)H</model>
    <firmware>.*</firmware>
    <family>SAMSUNG SpinPoint M</family>
    <options>009 Power_On_Half_Minutes</options>
    <other></other>
    <warnings></warnings>
  </item>
  <item>
    <model>SAMSUNG HS(122H|2[05]YJ)Z</model>
    <firmware>.*</firmware>
    <family>SAMSUNG SpinPoint N3U-3 (USB, 4KiB LLS)</family>
    <options>None preset; no -v options are required.</options>
    <other></other>
    <warnings></warnings>
  </item>
  <item>
    <model>SMART A25FD-(32|64|128)GI32N</model>
    <firmware>.*</firmware>
    <family>SMART Xcel-10 2.5 SATA SSD</family>
    <options>001 Not_Supported
002 Not_Supported
191 Not_Supported
197 ECC_Error_Count
251 Min_Spares_Remain_Perc
252 Added_Bad_Flash_Blk_Ct
254 Total_Erase_Blocks_Ct</options>
    <other></other>
    <warnings></warnings>
  </item>
  <item>
    <model>Maxtor 2B0(0[468]|1[05]|20)H1</model>
    <firmware>.*</firmware>
    <family>Maxtor Fireball 541DX</family>
    <options>009 Power_On_Minutes
194 Unknown_Attribute</options>
    <other></other>
    <warnings></warnings>
  </item>
  <item>
    <model>Maxtor 2F0[234]0[JL]0</model>
    <firmware>.*</firmware>
    <family>Maxtor Fireball 3</family>
    <options>009 Power_On_Minutes</options>
    <other></other>
    <warnings></warnings>
  </item>
  <item>
    <model>Maxtor 8(1280A2|2160A4|2560A4|3840A6|4000A6|5120A8)</model>
    <firmware>.*</firmware>
    <family>Maxtor DiamondMax 1280 ATA</family>
    <options>009 Power_On_Minutes</options>
    <other></other>
    <warnings></warnings>
  </item>
  <item>
    <model>Maxtor 8(2160D2|3228D3|3240D3|4320D4|6480D6|8400D8|8455D8)</model>
    <firmware>.*</firmware>
    <family>Maxtor DiamondMax 2160 Ultra ATA</family>
    <options>009 Power_On_Minutes</options>
    <other></other>
    <warnings></warnings>
  </item>
  <item>
    <model>Maxtor 9(0510D4|0576D4|0648D5|0720D5|0840D6|0845D6|0864D6|1008D7|1080D8|1152D8)</model>
    <firmware>.*</firmware>
    <family>Maxtor DiamondMax 2880 Ultra ATA</family>
    <options>009 Power_On_Minutes</options>
    <other></other>
    <warnings></warnings>
  </item>
  <item>
    <model>Maxtor 9(1(360|350|202)D8|1190D7|10[12]0D6|0840D5|06[48]0D4|0510D3|1(350|202)E8|1010E6|0840E5|0640E4)</model>
    <firmware>.*</firmware>
    <family>Maxtor DiamondMax 3400 Ultra ATA</family>
    <options>009 Power_On_Minutes</options>
    <other></other>
    <warnings></warnings>
  </item>
  <item>
    <model>Maxtor 4G(120J6|160J[68])</model>
    <firmware>.*</firmware>
    <family>Maxtor DiamondMax D540X-4G</family>
    <options>009 Power_On_Minutes
194 Unknown_Attribute</options>
    <other></other>
    <warnings></warnings>
  </item>
  <item>
    <model>MAXTOR 4K(020H1|040H2|060H3|080H4)</model>
    <firmware>.*</firmware>
    <family>Maxtor DiamondMax D540X-4K</family>
    <options>None preset; no -v options are required.</options>
    <other></other>
    <warnings></warnings>
  </item>
  <item>
    <model>MAXTOR 6L0(20[JL]1|40[JL]2|60[JL]3|80[JL]4)</model>
    <firmware>.*</firmware>
    <family>Maxtor DiamondMax Plus D740X</family>
    <options>None preset; no -v options are required.</options>
    <other></other>
    <warnings></warnings>
  </item>
  <item>
    <model>Maxtor 9(0512D2|0680D3|0750D3|0913D4|1024D4|1360D6|1536D6|1792D7|2048D8)</model>
    <firmware>.*</firmware>
    <family>Maxtor DiamondMax Plus 5120 Ultra ATA 33</family>
    <options>009 Power_On_Minutes</options>
    <other></other>
    <warnings></warnings>
  </item>
  <item>
    <model>Maxtor 9(2732U8|2390U7|204[09]U6|1707U5|1366U4|1024U3|0845U3|0683U2)</model>
    <firmware>.*</firmware>
    <family>Maxtor DiamondMax Plus 6800 Ultra ATA 66</family>
    <options>009 Power_On_Minutes</options>
    <other></other>
    <warnings></warnings>
  </item>
  <item>
    <model>Maxtor 4D0(20H1|40H2|60H3|80H4)</model>
    <firmware>.*</firmware>
    <family>Maxtor DiamondMax D540X-4D</family>
    <options>009 Power_On_Minutes
194 Unknown_Attribute</options>
    <other></other>
    <warnings></warnings>
  </item>
  <item>
    <model>Maxtor 4(R0[68]0[JL]0|R1[26]0L0|A160J0|R120L4)</model>
    <firmware>.*</firmware>
    <family>Maxtor DiamondMax 16</family>
    <options>009 Power_On_Minutes</options>
    <other></other>
    <warnings></warnings>
  </item>
  <item>
    <model>Maxtor (91728D8|91512D7|91303D6|91080D5|90845D4|90645D3|90648D[34]|90432D2)</model>
    <firmware>.*</firmware>
    <family>Maxtor DiamondMax 4320 Ultra ATA</family>
    <options>009 Power_On_Minutes</options>
    <other></other>
    <warnings></warnings>
  </item>
  <item>
    <model>Maxtor 9(0431U1|0641U2|0871U2|1301U3|1741U4)</model>
    <firmware>.*</firmware>
    <family>Maxtor DiamondMax 17 VL</family>
    <options>009 Power_On_Minutes</options>
    <other></other>
    <warnings></warnings>
  </item>
  <item>
    <model>Maxtor (94091U8|93071U6|92561U5|92041U4|91731U4|91531U3|91361U3|91021U2|90841U2|90651U2)</model>
    <firmware>.*</firmware>
    <family>Maxtor DiamondMax 20 VL</family>
    <options>009 Power_On_Minutes</options>
    <other></other>
    <warnings></warnings>
  </item>
  <item>
    <model>Maxtor (33073U4|32049U3|31536U2|30768U1|33073H4|32305H3|31536H2|30768H1)</model>
    <firmware>.*</firmware>
    <family>Maxtor DiamondMax VL 30</family>
    <options>009 Power_On_Minutes</options>
    <other></other>
    <warnings></warnings>
  </item>
  <item>
    <model>Maxtor (93652U8|92739U6|91826U4|91369U3|90913U2|90845U2|90435U1)</model>
    <firmware>.*</firmware>
    <family>Maxtor DiamondMax 36</family>
    <options>009 Power_On_Minutes</options>
    <other></other>
    <warnings></warnings>
  </item>
  <item>
    <model>Maxtor 9(0684U2|1024U2|1362U3|1536U3|2049U4|2562U5|3073U6|4098U8)</model>
    <firmware>.*</firmware>
    <family>Maxtor DiamondMax 40 ATA 66</family>
    <options>009 Power_On_Minutes</options>
    <other></other>
    <warnings></warnings>
  </item>
  <item>
    <model>Maxtor (54098[UH]8|53073[UH]6|52732[UH]6|52049[UH]4|51536[UH]3|51369[UH]3|51024[UH]2)</model>
    <firmware>.*</firmware>
    <family>Maxtor DiamondMax Plus 40 (Ultra ATA 66 and Ultra ATA 100)</family>
    <options>009 Power_On_Minutes</options>
    <other></other>
    <warnings></warnings>
  </item>
  <item>
    <model>Maxtor 3(1024H1|1535H2|2049H2|3073H3|4098H4)( B)?</model>
    <firmware>.*</firmware>
    <family>Maxtor DiamondMax 40 VL Ultra ATA 100</family>
    <options>009 Power_On_Minutes</options>
    <other></other>
    <warnings></warnings>
  </item>
  <item>
    <model>Maxtor 5(4610H6|4098H6|3073H4|2049H3|1536H2|1369H2|1023H2)</model>
    <firmware>.*</firmware>
    <family>Maxtor DiamondMax Plus 45 Ulta ATA 100</family>
    <options>009 Power_On_Minutes</options>
    <other></other>
    <warnings></warnings>
  </item>
  <item>
    <model>Maxtor 9(1023U2|1536U2|2049U3|2305U3|3073U4|4610U6|6147U8)</model>
    <firmware>.*</firmware>
    <family>Maxtor DiamondMax 60 ATA 66</family>
    <options>009 Power_On_Minutes</options>
    <other></other>
    <warnings></warnings>
  </item>
  <item>
    <model>Maxtor 9(1023H2|1536H2|2049H3|2305H3|3073H4|4098H6|4610H6|6147H8)</model>
    <firmware>.*</firmware>
    <family>Maxtor DiamondMax 60 ATA 100</family>
    <options>009 Power_On_Minutes</options>
    <other></other>
    <warnings></warnings>
  </item>
  <item>
    <model>Maxtor 5T0(60H6|40H4|30H3|20H2|10H1)</model>
    <firmware>.*</firmware>
    <family>Maxtor DiamondMax Plus 60</family>
    <options>009 Power_On_Minutes</options>
    <other></other>
    <warnings></warnings>
  </item>
  <item>
    <model>Maxtor (98196H8|96147H6)</model>
    <firmware>.*</firmware>
    <family>Maxtor DiamondMax 80</family>
    <options>009 Power_On_Minutes</options>
    <other></other>
    <warnings></warnings>
  </item>
  <item>
    <model>Maxtor 4W(100H6|080H6|060H4|040H3|030H2)</model>
    <firmware>.*</firmware>
    <family>Maxtor DiamondMax 536DX</family>
    <options>009 Power_On_Minutes</options>
    <other></other>
    <warnings></warnings>
  </item>
  <item>
    <model>Maxtor 6(E0[234]|K04)0L0</model>
    <firmware>.*</firmware>
    <family>Maxtor DiamondMax Plus 8</family>
    <options>009 Power_On_Minutes</options>
    <other></other>
    <warnings></warnings>
  </item>
  <item>
    <model>Maxtor 6(B(30|25|20|16|12|10|08)0[MPRS]|L(080[MLP]|(100|120)[MP]|160[MP]|200[MPRS]|250[RS]|300[RS]))0</model>
    <firmware>.*</firmware>
    <family>Maxtor DiamondMax 10 (ATA/133 and SATA/150)</family>
    <options>009 Power_On_Minutes</options>
    <other></other>
    <warnings></warnings>
  </item>
  <item>
    <model>Maxtor 6V(080E|160E|200E|250F|300F|320F)0</model>
    <firmware>.*</firmware>
    <family>Maxtor DiamondMax 10 (SATA/300)</family>
    <options>None preset; no -v options are required.</options>
    <other></other>
    <warnings></warnings>
  </item>
  <item>
    <model>Maxtor 6Y((060|080|120|160)L0|(060|080|120|160|200|250)P0|(060|080|120|160|200|250)M0)</model>
    <firmware>.*</firmware>
    <family>Maxtor DiamondMax Plus 9</family>
    <options>009 Power_On_Minutes</options>
    <other></other>
    <warnings></warnings>
  </item>
  <item>
    <model>Maxtor 6H[45]00[FR]0</model>
    <firmware>.*</firmware>
    <family>Maxtor DiamondMax 11</family>
    <options>None preset; no -v options are required.</options>
    <other></other>
    <warnings></warnings>
  </item>
  <item>
    <model>Maxtor 6G(080L|160[PE])0</model>
    <firmware>.*</firmware>
    <family>Maxtor DiamondMax 17</family>
    <options>None preset; no -v options are required.</options>
    <other></other>
    <warnings></warnings>
  </item>
  <item>
    <model>MAXTOR STM3(40|80|160)[28]1[12]0?AS?</model>
    <firmware>.*</firmware>
    <family>Seagate Maxtor DiamondMax 20</family>
    <options>None preset; no -v options are required.</options>
    <other></other>
    <warnings></warnings>
  </item>
  <item>
    <model>MAXTOR STM3(80[28]15|160215|250310|(250|320)820|320620|500630)AS?</model>
    <firmware>.*</firmware>
    <family>Seagate Maxtor DiamondMax 21</family>
    <options>None preset; no -v options are required.</options>
    <other></other>
    <warnings></warnings>
  </item>
  <item>
    <model>(MAXTOR )?STM3(500320|750330|1000340)AS?</model>
    <firmware>MX1A</firmware>
    <family>Seagate Maxtor DiamondMax 22</family>
    <options>None preset; no -v options are required.</options>
    <other></other>
    <warnings></warnings>
  </item>
  <item>
    <model>(MAXTOR )?STM3(160813|320614|640323|1000334)AS?</model>
    <firmware>MX1B</firmware>
    <family>Seagate Maxtor DiamondMax 22</family>
    <options>None preset; no -v options are required.</options>
    <other></other>
    <warnings></warnings>
  </item>
  <item>
    <model>(MAXTOR )?STM3(500320|750330|1000340)AS?</model>
    <firmware>MX15</firmware>
    <family>Seagate Maxtor DiamondMax 22</family>
    <options>None preset; no -v options are required.</options>
    <other></other>
    <warnings>There are known problems with these drives,
AND THIS FIRMWARE VERSION IS AFFECTED,
see the following Seagate web pages:
http://seagate.custkb.com/seagate/crm/selfservice/search.jsp?DocId=207931
http://seagate.custkb.com/seagate/crm/selfservice/search.jsp?DocId=207969</warnings>
  </item>
  <item>
    <model>(MAXTOR )?STM3(160813|32061[34]|500320|640323|750330|10003(34|40))AS?</model>
    <firmware>.*</firmware>
    <family>Seagate Maxtor DiamondMax 22</family>
    <options>None preset; no -v options are required.</options>
    <other></other>
    <warnings>There are known problems with these drives,
see the following Seagate web pages:
http://seagate.custkb.com/seagate/crm/selfservice/search.jsp?DocId=207931
http://seagate.custkb.com/seagate/crm/selfservice/search.jsp?DocId=207969
http://seagate.custkb.com/seagate/crm/selfservice/search.jsp?DocId=207975</warnings>
  </item>
  <item>
    <model>STM3((160|250)31|(320|500)41|(750|1000)52)8AS?</model>
    <firmware>.*</firmware>
    <family>Seagate Maxtor DiamondMax 23</family>
    <options>None preset; no -v options are required.</options>
    <other></other>
    <warnings></warnings>
  </item>
  <item>
    <model>Maxtor 7Y250[PM]0</model>
    <firmware>.*</firmware>
    <family>Maxtor MaXLine Plus II</family>
    <options>009 Power_On_Minutes</options>
    <other></other>
    <warnings></warnings>
  </item>
  <item>
    <model>Maxtor [45]A(25|30|32)0[JN]0</model>
    <firmware>.*</firmware>
    <family>Maxtor MaXLine II</family>
    <options>009 Power_On_Minutes</options>
    <other></other>
    <warnings></warnings>
  </item>
  <item>
    <model>Maxtor 7L(25|30)0[SR]0</model>
    <firmware>.*</firmware>
    <family>Maxtor MaXLine III (ATA/133 and SATA/150)</family>
    <options>009 Power_On_Minutes</options>
    <other></other>
    <warnings></warnings>
  </item>
  <item>
    <model>Maxtor 7V(25|30)0F0</model>
    <firmware>.*</firmware>
    <family>Maxtor MaXLine III (SATA/300)</family>
    <options>None preset; no -v options are required.</options>
    <other></other>
    <warnings></warnings>
  </item>
  <item>
    <model>Maxtor 7H500F0</model>
    <firmware>.*</firmware>
    <family>Maxtor MaXLine Pro 500</family>
    <options>None preset; no -v options are required.</options>
    <other></other>
    <warnings></warnings>
  </item>
  <item>
    <model>HITACHI_DK14FA-20B</model>
    <firmware>.*</firmware>
    <family>HITACHI_DK14FA-20B</family>
    <options>009 Power_On_Minutes
193 Load_Cycle_Count</options>
    <other></other>
    <warnings></warnings>
  </item>
  <item>
    <model>HITACHI_DK23..-..B?</model>
    <firmware>.*</firmware>
    <family>HITACHI Travelstar DK23XX/DK23XXB</family>
    <options>009 Power_On_Minutes
193 Load_Cycle_Count</options>
    <other></other>
    <warnings></warnings>
  </item>
  <item>
    <model>(HITACHI_DK23FA-20J|HTA422020F9AT[JN]0)</model>
    <firmware>.*</firmware>
    <family>Hitachi Endurastar J4K20/N4K20 (formerly DK23FA-20J)</family>
    <options>009 Power_On_Minutes
193 Load_Cycle_Count</options>
    <other></other>
    <warnings></warnings>
  </item>
  <item>
    <model>HE[JN]4230[23]0F9AT00</model>
    <firmware>.*</firmware>
    <family>Hitachi Endurastar J4K30/N4K30</family>
    <options>009 Power_On_Minutes
193 Load_Cycle_Count</options>
    <other></other>
    <warnings></warnings>
  </item>
  <item>
    <model>HTC4260[23]0G5CE00|HTC4260[56]0G8CE00</model>
    <firmware>.*</firmware>
    <family>Hitachi Travelstar C4K60</family>
    <options>009 Power_On_Minutes
193 Load_Cycle_Count</options>
    <other></other>
    <warnings></warnings>
  </item>
  <item>
    <model>IBM-DTCA-2(324|409)0</model>
    <firmware>.*</firmware>
    <family>IBM Travelstar 4GT</family>
    <options>None preset; no -v options are required.</options>
    <other></other>
    <warnings></warnings>
  </item>
  <item>
    <model>IBM-DBCA-20(324|486|648)0</model>
    <firmware>.*</firmware>
    <family>IBM Travelstar 6GN</family>
    <options>None preset; no -v options are required.</options>
    <other></other>
    <warnings></warnings>
  </item>
  <item>
    <model>IBM-DARA-2(25|18|15|12|09|06)000</model>
    <firmware>.*</firmware>
    <family>IBM Travelstar 25GS, 18GT, and 12GN</family>
    <options>None preset; no -v options are required.</options>
    <other></other>
    <warnings></warnings>
  </item>
  <item>
    <model>IBM-DCYA-214000</model>
    <firmware>.*</firmware>
    <family>IBM Travelstar 14GS</family>
    <options>None preset; no -v options are required.</options>
    <other></other>
    <warnings></warnings>
  </item>
  <item>
    <model>IBM-DTNA-2(180|216)0</model>
    <firmware>.*</firmware>
    <family>IBM Travelstar 4LP</family>
    <options>None preset; no -v options are required.</options>
    <other></other>
    <warnings></warnings>
  </item>
  <item>
    <model>(IBM-|Hitachi )?IC25(T048ATDA05|N0(30|20|15|12|10|07|06|05)ATDA04)-.</model>
    <firmware>.*</firmware>
    <family>IBM Travelstar 48GH, 30GN, and 15GN</family>
    <options>None preset; no -v options are required.</options>
    <other></other>
    <warnings></warnings>
  </item>
  <item>
    <model>IBM-DJSA-2(32|30|20|10|05)</model>
    <firmware>.*</firmware>
    <family>IBM Travelstar 32GH, 30GT, and 20GN</family>
    <options>None preset; no -v options are required.</options>
    <other></other>
    <warnings></warnings>
  </item>
  <item>
    <model>IBM-DKLA-2(216|324|432)0</model>
    <firmware>.*</firmware>
    <family>IBM Travelstar 4GN</family>
    <options>None preset; no -v options are required.</options>
    <other></other>
    <warnings></warnings>
  </item>
  <item>
    <model>(IBM-|Hitachi )?IC25(T060ATC[SX]05|N0[4321]0ATC[SX]04)-.</model>
    <firmware>.*</firmware>
    <family>IBM/Hitachi Travelstar 60GH and 40GN</family>
    <options>None preset; no -v options are required.</options>
    <other></other>
    <warnings></warnings>
  </item>
  <item>
    <model>(IBM-|Hitachi )?IC25N0[42]0ATC[SX]05-.</model>
    <firmware>.*</firmware>
    <family>IBM/Hitachi Travelstar 40GNX</family>
    <options>None preset; no -v options are required.</options>
    <other></other>
    <warnings></warnings>
  </item>
  <item>
    <model>(Hitachi )?IC25N0[23468]0ATMR04-.</model>
    <firmware>.*</firmware>
    <family>Hitachi Travelstar 80GN</family>
    <options>None preset; no -v options are required.</options>
    <other></other>
    <warnings></warnings>
  </item>
  <item>
    <model>(Hitachi )?HTS4240[234]0M9AT00</model>
    <firmware>.*</firmware>
    <family>Hitachi Travelstar 4K40</family>
    <options>None preset; no -v options are required.</options>
    <other></other>
    <warnings></warnings>
  </item>
  <item>
    <model>(Hitachi )?(HTS4212(60|80|10|12)H9AT00|HTS421260G9AT00)</model>
    <firmware>.*</firmware>
    <family>Hitachi Travelstar 4K120</family>
    <options>None preset; no -v options are required.</options>
    <other></other>
    <warnings></warnings>
  </item>
  <item>
    <model>(Hitachi )?HTS5480[8642]0M9AT00</model>
    <firmware>.*</firmware>
    <family>Hitachi Travelstar 5K80</family>
    <options>None preset; no -v options are required.</options>
    <other></other>
    <warnings></warnings>
  </item>
  <item>
    <model>(Hitachi )?HTS5410[1864]0G9(AT|SA)00</model>
    <firmware>.*</firmware>
    <family>Hitachi Travelstar 5K100</family>
    <options>None preset; no -v options are required.</options>
    <other></other>
    <warnings></warnings>
  </item>
  <item>
    <model>(Hitachi )?HTE541040G9(AT|SA)00</model>
    <firmware>.*</firmware>
    <family>Hitachi Travelstar E5K100</family>
    <options>None preset; no -v options are required.</options>
    <other></other>
    <warnings></warnings>
  </item>
  <item>
    <model>(Hitachi )?HTS5412(60|80|10|12)H9(AT|SA)00</model>
    <firmware>.*</firmware>
    <family>Hitachi Travelstar 5K120</family>
    <options>None preset; no -v options are required.</options>
    <other></other>
    <warnings></warnings>
  </item>
  <item>
    <model>(Hitachi |HITACHI )?HTS5416([468]0|1[26])J9(AT|SA)00</model>
    <firmware>.*</firmware>
    <family>Hitachi Travelstar 5K160</family>
    <options>None preset; no -v options are required.</options>
    <other></other>
    <warnings></warnings>
  </item>
  <item>
    <model>(Hitachi )?HTE5416(12|16|60|80)J9(AT|SA)00</model>
    <firmware>.*</firmware>
    <family>Hitachi Travelstar E5K160</family>
    <options>None preset; no -v options are required.</options>
    <other></other>
    <warnings></warnings>
  </item>
  <item>
    <model>(Hitachi |HITACHI )?HTS5425(80|12|16|20|25)K9(A3|SA)00</model>
    <firmware>.*</firmware>
    <family>Hitachi Travelstar 5K250</family>
    <options>None preset; no -v options are required.</options>
    <other></other>
    <warnings></warnings>
  </item>
  <item>
    <model>(Hitachi |HITACHI )?HT(S|E)5432(80|12|16|25|32)L9(A3(00)?|SA01)</model>
    <firmware>.*</firmware>
    <family>Hitachi Travelstar 5K320</family>
    <options>None preset; no -v options are required.</options>
    <other></other>
    <warnings></warnings>
  </item>
  <item>
    <model>(Hitachi )?HT[ES]5450(12|16|25|32|40|50)B9A30[01]</model>
    <firmware>.*</firmware>
    <family>Hitachi Travelstar 5K500.B</family>
    <options>None preset; no -v options are required.</options>
    <other></other>
    <warnings></warnings>
  </item>
  <item>
    <model>(Hitachi )?HTS726060M9AT00</model>
    <firmware>.*</firmware>
    <family>Hitachi Travelstar 7K60</family>
    <options>None preset; no -v options are required.</options>
    <other></other>
    <warnings></warnings>
  </item>
  <item>
    <model>(Hitachi )?HTE7260[46]0M9AT00</model>
    <firmware>.*</firmware>
    <family>Hitachi Travelstar E7K60</family>
    <options>None preset; no -v options are required.</options>
    <other></other>
    <warnings></warnings>
  </item>
  <item>
    <model>(Hitachi )?HTS7210[168]0G9(AT|SA)00</model>
    <firmware>.*</firmware>
    <family>Hitachi Travelstar 7K100</family>
    <options>None preset; no -v options are required.</options>
    <other></other>
    <warnings></warnings>
  </item>
  <item>
    <model>(Hitachi )?HTE7210[168]0G9(AT|SA)00</model>
    <firmware>.*</firmware>
    <family>Hitachi Travelstar E7K100</family>
    <options>None preset; no -v options are required.</options>
    <other></other>
    <warnings></warnings>
  </item>
  <item>
    <model>(Hitachi |HITACHI )?HTS7220(80|10|12|16|20)K9(A3|SA)00</model>
    <firmware>.*</firmware>
    <family>Hitachi Travelstar 7K200</family>
    <options>None preset; no -v options are required.</options>
    <other></other>
    <warnings></warnings>
  </item>
  <item>
    <model>(Hitachi )?HT[ES]7232(80|12|16|25|32)L9(A300|A36[02]|SA61)</model>
    <firmware>.*</firmware>
    <family>Hitachi Travelstar 7K320</family>
    <options>None preset; no -v options are required.</options>
    <other></other>
    <warnings></warnings>
  </item>
  <item>
    <model>(Hitachi )?HT[ES]7250(12|16|25|32|50)A9A36[45]</model>
    <firmware>.*</firmware>
    <family>Hitachi Travelstar 7K500</family>
    <options>None preset; no -v options are required.</options>
    <other></other>
    <warnings></warnings>
  </item>
  <item>
    <model>IBM-DTTA-3(7101|7129|7144|5032|5043|5064|5084|5101|5129|5168)0</model>
    <firmware>.*</firmware>
    <family>IBM Deskstar 14GXP and 16GP</family>
    <options>None preset; no -v options are required.</options>
    <other></other>
    <warnings></warnings>
  </item>
  <item>
    <model>IBM-DJNA-3(5(101|152|203|250)|7(091|135|180|220))0</model>
    <firmware>.*</firmware>
    <family>IBM Deskstar 25GP and 22GXP</family>
    <options>None preset; no -v options are required.</options>
    <other></other>
    <warnings></warnings>
  </item>
  <item>
    <model>IBM-DPTA-3(5(375|300|225|150)|7(342|273|205|136))0</model>
    <firmware>.*</firmware>
    <family>IBM Deskstar 37GP and 34GXP</family>
    <options>None preset; no -v options are required.</options>
    <other></other>
    <warnings></warnings>
  </item>
  <item>
    <model>(IBM-)?IC35L((020|040|060|080|120)AVVA|0[24]0AVVN)07-[01]</model>
    <firmware>.*</firmware>
    <family>IBM/Hitachi Deskstar 120GXP</family>
    <options>None preset; no -v options are required.</options>
    <other></other>
    <warnings></warnings>
  </item>
  <item>
    <model>(IBM-)?IC35L(030|060|090|120|180)AVV207-[01]</model>
    <firmware>.*</firmware>
    <family>IBM/Hitachi Deskstar GXP-180</family>
    <options>None preset; no -v options are required.</options>
    <other></other>
    <warnings></warnings>
  </item>
  <item>
    <model>(Hitachi )?HDS5C30(15|20|30)ALA63[02].*</model>
    <firmware>.*</firmware>
    <family>Hitachi Deskstar 5K3000</family>
    <options>None preset; no -v options are required.</options>
    <other></other>
    <warnings></warnings>
  </item>
  <item>
    <model>(Hitachi )?HDS7280([48]0PLAT20|(40)?PLA320|80PLA380).*</model>
    <firmware>.*</firmware>
    <family>Hitachi Deskstar 7K80</family>
    <options>None preset; no -v options are required.</options>
    <other></other>
    <warnings></warnings>
  </item>
  <item>
    <model>(Hitachi )?HDS7216(80|16)PLA[3T]80.*</model>
    <firmware>.*</firmware>
    <family>Hitachi Deskstar 7K160</family>
    <options>None preset; no -v options are required.</options>
    <other></other>
    <warnings></warnings>
  </item>
  <item>
    <model>(Hitachi )?HDS7225((40|80|12|16)VLAT20|(12|16|25)VLAT80|(80|12|16|25)VLSA80)</model>
    <firmware>.*</firmware>
    <family>Hitachi Deskstar 7K250</family>
    <options>None preset; no -v options are required.</options>
    <other></other>
    <warnings></warnings>
  </item>
  <item>
    <model>HITACHI HDS7225SBSUN250G.*</model>
    <firmware>.*</firmware>
    <family>Hitachi Deskstar 7K250 (SUN branded)</family>
    <options>None preset; no -v options are required.</options>
    <other></other>
    <warnings></warnings>
  </item>
  <item>
    <model>(Hitachi )?HDT7225((25|20|16)DLA(T80|380))</model>
    <firmware>.*</firmware>
    <family>Hitachi Deskstar T7K250</family>
    <options>None preset; no -v options are required.</options>
    <other></other>
    <warnings></warnings>
  </item>
  <item>
    <model>(Hitachi )?HDS724040KL(AT|SA)80</model>
    <firmware>.*</firmware>
    <family>Hitachi Deskstar 7K400</family>
    <options>None preset; no -v options are required.</options>
    <other></other>
    <warnings></warnings>
  </item>
  <item>
    <model>(Hitachi )?HDS725050KLA(360|T80)</model>
    <firmware>.*</firmware>
    <family>Hitachi Deskstar 7K500</family>
    <options>None preset; no -v options are required.</options>
    <other></other>
    <warnings></warnings>
  </item>
  <item>
    <model>(Hitachi )?HDP7250(16|25|32|40|50)GLA(36|38|T8)0</model>
    <firmware>.*</firmware>
    <family>Hitachi Deskstar P7K500</family>
    <options>None preset; no -v options are required.</options>
    <other></other>
    <warnings></warnings>
  </item>
  <item>
    <model>(Hitachi )?HDT7250(25|32|40|50)VLA(360|380|T80)</model>
    <firmware>.*</firmware>
    <family>Hitachi Deskstar T7K500</family>
    <options>None preset; no -v options are required.</options>
    <other></other>
    <warnings></warnings>
  </item>
  <item>
    <model>(Hitachi )?HDS7210(50|75|10)KLA330</model>
    <firmware>.*</firmware>
    <family>Hitachi Deskstar 7K1000</family>
    <options>None preset; no -v options are required.</options>
    <other></other>
    <warnings></warnings>
  </item>
  <item>
    <model>(Hitachi )?HDT7210((16|25)SLA380|(32|50|64|75|10)SLA360)</model>
    <firmware>.*</firmware>
    <family>Hitachi Deskstar 7K1000.B</family>
    <options>None preset; no -v options are required.</options>
    <other></other>
    <warnings></warnings>
  </item>
  <item>
    <model>(Hitachi )?HDS7210((16|25)CLA382|(32|50)CLA362|(64|75|10)CLA332)</model>
    <firmware>.*</firmware>
    <family>Hitachi Deskstar 7K1000.C</family>
    <options>None preset; no -v options are required.</options>
    <other></other>
    <warnings></warnings>
  </item>
  <item>
    <model>Hitachi HDS722020ALA330</model>
    <firmware>.*</firmware>
    <family>Hitachi Deskstar 7K2000</family>
    <options>None preset; no -v options are required.</options>
    <other></other>
    <warnings></warnings>
  </item>
  <item>
    <model>Hitachi HDS7230((15|20)BLA642|30ALA640)</model>
    <firmware>.*</firmware>
    <family>Hitachi Deskstar 7K3000</family>
    <options>None preset; no -v options are required.</options>
    <other></other>
    <warnings></warnings>
  </item>
  <item>
    <model>(Hitachi )?HUA7210(50|75|10)KLA330</model>
    <firmware>.*</firmware>
    <family>Hitachi Ultrastar 7K1000</family>
    <options>None preset; no -v options are required.</options>
    <other></other>
    <warnings></warnings>
  </item>
  <item>
    <model>Hitachi HUA7230(20|30)ALA640</model>
    <firmware>.*</firmware>
    <family>Hitachi Ultrastar 7K3000</family>
    <options>None preset; no -v options are required.</options>
    <other></other>
    <warnings></warnings>
  </item>
  <item>
    <model>(Hitachi )?HUA7220((50|10)C|20A)LA33[01]</model>
    <firmware>.*</firmware>
    <family>Hitachi Ultrastar A7K2000</family>
    <options>None preset; no -v options are required.</options>
    <other></other>
    <warnings></warnings>
  </item>
  <item>
    <model>TOSHIBA MK(101[67]GAP|15[67]GAP|20(1[678]GAP|(18|23)GAS))</model>
    <firmware>.*</firmware>
    <family>Toshiba 2.5" HDD (10-20 GB)</family>
    <options>None preset; no -v options are required.</options>
    <other></other>
    <warnings></warnings>
  </item>
  <item>
    <model>TOSHIBA MK((6034|4032)GSX|(6034|4032)GAX|(6026|4026|4019|3019)GAXB?|(6025|6021|4025|4021|4018|3025|3021|3018)GAS|(4036|3029)GACE?|(4018|3017)GAP)</model>
    <firmware>.*</firmware>
    <family>Toshiba 2.5" HDD (30-60 GB)</family>
    <options>None preset; no -v options are required.</options>
    <other></other>
    <warnings></warnings>
  </item>
  <item>
    <model>TOSHIBA MK(80(25GAS|26GAX|32GAX|32GSX)|10(31GAS|32GAX)|12(33GAS|34G[AS]X)|2035GSS)</model>
    <firmware>.*</firmware>
    <family>Toshiba 2.5" HDD (80 GB and above)</family>
    <options>None preset; no -v options are required.</options>
    <other></other>
    <warnings></warnings>
  </item>
  <item>
    <model>TOSHIBA MK8050GACY</model>
    <firmware>.*</firmware>
    <family>Toshiba 2.5" HDD MK..50GACY</family>
    <options>None preset; no -v options are required.</options>
    <other></other>
    <warnings></warnings>
  </item>
  <item>
    <model>TOSHIBA MK(80|12|16|25|32)52GSX</model>
    <firmware>.*</firmware>
    <family>Toshiba 2.5" HDD MK..52GSX</family>
    <options>None preset; no -v options are required.</options>
    <other></other>
    <warnings></warnings>
  </item>
  <item>
    <model>TOSHIBA MK(32|50|64|75)59GSXP?</model>
    <firmware>.*</firmware>
    <family>Toshiba 2.5" HDD MK..59GSXP (Adv. Format)</family>
    <options>None preset; no -v options are required.</options>
    <other></other>
    <warnings></warnings>
  </item>
  <item>
    <model>TOSHIBA MK(75|10)59GSM</model>
    <firmware>.*</firmware>
    <family>Toshiba 2.5" HDD MK..59GSM (Adv. Format)</family>
    <options>None preset; no -v options are required.</options>
    <other></other>
    <warnings></warnings>
  </item>
  <item>
    <model>TOSHIBA MK(16|25|32|50|64)65GSX</model>
    <firmware>.*</firmware>
    <family>Toshiba 2.5" HDD MK..65GSX</family>
    <options>None preset; no -v options are required.</options>
    <other></other>
    <warnings></warnings>
  </item>
  <item>
    <model>TOSHIBA MK(16|25|32|50|64)76GSX</model>
    <firmware>.*</firmware>
    <family>Toshiba 2.5" HDD MK..76GSX</family>
    <options>009 Power_On_Minutes</options>
    <other></other>
    <warnings></warnings>
  </item>
  <item>
    <model>TOSHIBA MK[23468]00[4-9]GA[HL]</model>
    <firmware>.*</firmware>
    <family>Toshiba 1.8" HDD</family>
    <options>None preset; no -v options are required.</options>
    <other></other>
    <warnings></warnings>
  </item>
  <item>
    <model>TOSHIBA MK(12|16|25)29GSG</model>
    <firmware>.*</firmware>
    <family>Toshiba 1.8" HDD MK..29GSG</family>
    <options>None preset; no -v options are required.</options>
    <other></other>
    <warnings></warnings>
  </item>
  <item>
    <model>TOSHIBA MK6022GAX</model>
    <firmware>.*</firmware>
    <family>TOSHIBA MK6022GAX</family>
    <options>None preset; no -v options are required.</options>
    <other></other>
    <warnings></warnings>
  </item>
  <item>
    <model>TOSHIBA MK6409MAV</model>
    <firmware>.*</firmware>
    <family>TOSHIBA MK6409MAV</family>
    <options>None preset; no -v options are required.</options>
    <other></other>
    <warnings></warnings>
  </item>
  <item>
    <model>TOS MK[34]019GAXB SUN[34]0G</model>
    <firmware>.*</firmware>
    <family>Toshiba MKx019GAXB (SUN branded)</family>
    <options>None preset; no -v options are required.</options>
    <other></other>
    <warnings></warnings>
  </item>
  <item>
    <model>ST9(20|28|40|48)11A</model>
    <firmware>.*</firmware>
    <family>Seagate Momentus</family>
    <options>None preset; no -v options are required.</options>
    <other></other>
    <warnings></warnings>
  </item>
  <item>
    <model>ST9(2014|3015|4019)A</model>
    <firmware>.*</firmware>
    <family>Seagate Momentus 42</family>
    <options>None preset; no -v options are required.</options>
    <other></other>
    <warnings></warnings>
  </item>
  <item>
    <model>ST9(100822|808210|60821|50212|402113|30219)A</model>
    <firmware>.*</firmware>
    <family>Seagate Momentus 4200.2</family>
    <options>None preset; no -v options are required.</options>
    <other></other>
    <warnings></warnings>
  </item>
  <item>
    <model>ST9(808211|60822|408114|308110|120821|10082[34]|8823|6812|4813|3811)AS?</model>
    <firmware>.*</firmware>
    <family>Seagate Momentus 5400.2</family>
    <options>None preset; no -v options are required.</options>
    <other></other>
    <warnings></warnings>
  </item>
  <item>
    <model>ST9(4081[45]|6081[35]|8081[15]|100828|120822|160821)AS?</model>
    <firmware>.*</firmware>
    <family>Seagate Momentus 5400.3</family>
    <options>None preset; no -v options are required.</options>
    <other></other>
    <warnings></warnings>
  </item>
  <item>
    <model>ST9(4081[45]|6081[35]|8081[15]|100828|120822|160821)AB</model>
    <firmware>.*</firmware>
    <family>Seagate Momentus 5400.3 ED</family>
    <options>None preset; no -v options are required.</options>
    <other></other>
    <warnings></warnings>
  </item>
  <item>
    <model>ST9(120817|(160|200|250)827)AS</model>
    <firmware>.*</firmware>
    <family>Seagate Momentus 5400.4</family>
    <options>None preset; no -v options are required.</options>
    <other></other>
    <warnings></warnings>
  </item>
  <item>
    <model>ST9((80|120|160)310|(250|320)320)AS</model>
    <firmware>.*</firmware>
    <family>Seagate Momentus 5400.5</family>
    <options>None preset; no -v options are required.</options>
    <other></other>
    <warnings></warnings>
  </item>
  <item>
    <model>ST9(80313|160(301|314)|(12|25)0315|250317|(320|500)325|500327|640320)ASG?</model>
    <firmware>.*</firmware>
    <family>Seagate Momentus 5400.6</family>
    <options>None preset; no -v options are required.</options>
    <other></other>
    <warnings></warnings>
  </item>
  <item>
    <model>ST9(808212|(120|160)8220)AS</model>
    <firmware>.*</firmware>
    <family>Seagate Momentus 5400 PSD</family>
    <options>None preset; no -v options are required.</options>
    <other></other>
    <warnings></warnings>
  </item>
  <item>
    <model>ST9(10021|80825|6023|4015)AS?</model>
    <firmware>.*</firmware>
    <family>Seagate Momentus 7200.1</family>
    <options>None preset; no -v options are required.</options>
    <other></other>
    <warnings></warnings>
  </item>
  <item>
    <model>ST9(80813|100821|120823|160823|200420)ASG?</model>
    <firmware>.*</firmware>
    <family>Seagate Momentus 7200.2</family>
    <options>None preset; no -v options are required.</options>
    <other></other>
    <warnings></warnings>
  </item>
  <item>
    <model>ST9((80|120|160)411|(250|320)421)ASG?</model>
    <firmware>.*</firmware>
    <family>Seagate Momentus 7200.3</family>
    <options>None preset; no -v options are required.</options>
    <other></other>
    <warnings></warnings>
  </item>
  <item>
    <model>ST9(160412|250410|320423|500420)ASG?</model>
    <firmware>.*</firmware>
    <family>Seagate Momentus 7200.4</family>
    <options>None preset; no -v options are required.</options>
    <other></other>
    <warnings></warnings>
  </item>
  <item>
    <model>ST9((160413|25041[12]|320426|50042[12])AS|(16041[489]|2504[16]4|32042[67]|500426)ASG)</model>
    <firmware>.*</firmware>
    <family>Seagate Momentus 7200 FDE.2</family>
    <options>None preset; no -v options are required.</options>
    <other></other>
    <warnings></warnings>
  </item>
  <item>
    <model>ST9(2505610|3205620|5005620)AS</model>
    <firmware>.*</firmware>
    <family>Seagate Momentus XT</family>
    <options>None preset; no -v options are required.</options>
    <other></other>
    <warnings></warnings>
  </item>
  <item>
    <model>ST3(1010|1720|1721|2120|3230|4340)A</model>
    <firmware>.*</firmware>
    <family>Seagate Medalist 1010, 1720, 1721, 2120, 3230 and 4340</family>
    <options>None preset; no -v options are required.</options>
    <other></other>
    <warnings></warnings>
  </item>
  <item>
    <model>ST3(2110|3221|4321|6531|8641)A</model>
    <firmware>.*</firmware>
    <family>Seagate Medalist 2110, 3221, 4321, 6531, and 8641</family>
    <options>None preset; no -v options are required.</options>
    <other></other>
    <warnings></warnings>
  </item>
  <item>
    <model>ST3(10014A(CE)?|20014A)</model>
    <firmware>.*</firmware>
    <family>Seagate U Series X</family>
    <options>None preset; no -v options are required.</options>
    <other></other>
    <warnings></warnings>
  </item>
  <item>
    <model>ST3(4313|6811|8410|13021|17221)A</model>
    <firmware>.*</firmware>
    <family>Seagate U8</family>
    <options>None preset; no -v options are required.</options>
    <other></other>
    <warnings></warnings>
  </item>
  <item>
    <model>ST3(30012|40012|60012|80022|120020)A</model>
    <firmware>.*</firmware>
    <family>Seagate U7</family>
    <options>None preset; no -v options are required.</options>
    <other></other>
    <warnings></warnings>
  </item>
  <item>
    <model>ST3(8002|6002|4081|3061|2041)0A</model>
    <firmware>.*</firmware>
    <family>Seagate U Series 6</family>
    <options>None preset; no -v options are required.</options>
    <other></other>
    <warnings></warnings>
  </item>
  <item>
    <model>ST3(40823|30621|20413|15311|10211)A</model>
    <firmware>.*</firmware>
    <family>Seagate U Series 5</family>
    <options>None preset; no -v options are required.</options>
    <other></other>
    <warnings></warnings>
  </item>
  <item>
    <model>ST3(2112|4311|6421|8421)A</model>
    <firmware>.*</firmware>
    <family>Seagate U4</family>
    <options>None preset; no -v options are required.</options>
    <other></other>
    <warnings></warnings>
  </item>
  <item>
    <model>ST3(8410|4313|17221|13021)A</model>
    <firmware>.*</firmware>
    <family>Seagate U8</family>
    <options>None preset; no -v options are required.</options>
    <other></other>
    <warnings></warnings>
  </item>
  <item>
    <model>ST3(20423|15323|10212)A</model>
    <firmware>.*</firmware>
    <family>Seagate U10</family>
    <options>None preset; no -v options are required.</options>
    <other></other>
    <warnings></warnings>
  </item>
  <item>
    <model>ST3(2804|2724|2043|1362|1022|681)0A</model>
    <firmware>.*</firmware>
    <family>Seagate Barracuda ATA</family>
    <options>None preset; no -v options are required.</options>
    <other></other>
    <warnings></warnings>
  </item>
  <item>
    <model>ST3(3063|2042|1532|1021)0A</model>
    <firmware>.*</firmware>
    <family>Seagate Barracuda ATA II</family>
    <options>None preset; no -v options are required.</options>
    <other></other>
    <warnings></warnings>
  </item>
  <item>
    <model>ST3(40824|30620|20414|15310|10215)A</model>
    <firmware>.*</firmware>
    <family>Seagate Barracuda ATA III</family>
    <options>None preset; no -v options are required.</options>
    <other></other>
    <warnings></warnings>
  </item>
  <item>
    <model>ST3(20011|30011|40016|60021|80021)A</model>
    <firmware>.*</firmware>
    <family>Seagate Barracuda ATA IV</family>
    <options>None preset; no -v options are required.</options>
    <other></other>
    <warnings></warnings>
  </item>
  <item>
    <model>ST3(12002(3A|4A|9A|3AS)|800(23A|15A|23AS)|60(015A|210A)|40017A)</model>
    <firmware>.*</firmware>
    <family>Seagate Barracuda ATA V</family>
    <options>None preset; no -v options are required.</options>
    <other></other>
    <warnings></warnings>
  </item>
  <item>
    <model>ST340015A</model>
    <firmware>.*</firmware>
    <family>Seagate Barracuda 5400.1</family>
    <options>None preset; no -v options are required.</options>
    <other></other>
    <warnings></warnings>
  </item>
  <item>
    <model>ST3(200021A|200822AS?|16002[13]AS?|12002[26]AS?|1[26]082[78]AS|8001[13]AS?|8081[79]AS|60014A|40111AS|40014AS?)</model>
    <firmware>.*</firmware>
    <family>Seagate Barracuda 7200.7 and 7200.7 Plus</family>
    <options>None preset; no -v options are required.</options>
    <other></other>
    <warnings></warnings>
  </item>
  <item>
    <model>ST3(400[68]32|300[68]31|250[68]23|200826)AS?</model>
    <firmware>.*</firmware>
    <family>Seagate Barracuda 7200.8</family>
    <options>None preset; no -v options are required.</options>
    <other></other>
    <warnings></warnings>
  </item>
  <item>
    <model>ST3(402111?|80[28]110?|120[28]1[0134]|160[28]1[012]|200827|250[68]24|300[68]22|(320|400)[68]33|500[68](32|41))AS?.*</model>
    <firmware>.*</firmware>
    <family>Seagate Barracuda 7200.9</family>
    <options>None preset; no -v options are required.</options>
    <other></other>
    <warnings></warnings>
  </item>
  <item>
    <model>ST3((80|160)[28]15|200820|250[34]10|(250|300|320|400)[68]20|360320|500[68]30|750[68]40)AS?</model>
    <firmware>.*</firmware>
    <family>Seagate Barracuda 7200.10</family>
    <options>None preset; no -v options are required.</options>
    <other></other>
    <warnings></warnings>
  </item>
  <item>
    <model>ST3(160813|320[68]13|500[368]20|640[36]23|640[35]30|750[36]30|1000(333|[36]40)|1500341)AS?</model>
    <firmware>CC.?.?</firmware>
    <family>Seagate Barracuda 7200.11</family>
    <options>None preset; no -v options are required.</options>
    <other></other>
    <warnings></warnings>
  </item>
  <item>
    <model>ST3(500[368]20|750[36]30|1000340)AS?</model>
    <firmware>SD1A</firmware>
    <family>Seagate Barracuda 7200.11</family>
    <options>None preset; no -v options are required.</options>
    <other></other>
    <warnings></warnings>
  </item>
  <item>
    <model>ST3(160813|320[68]13|640[36]23|1000333|1500341)AS?</model>
    <firmware>SD[12]B</firmware>
    <family>Seagate Barracuda 7200.11</family>
    <options>None preset; no -v options are required.</options>
    <other></other>
    <warnings></warnings>
  </item>
  <item>
    <model>ST3(500[368]20|640[35]30|750[36]30|1000340)AS?</model>
    <firmware>(AD14|SD1[5-9]|SD81)</firmware>
    <family>Seagate Barracuda 7200.11</family>
    <options>None preset; no -v options are required.</options>
    <other></other>
    <warnings>There are known problems with these drives,
THIS DRIVE MAY OR MAY NOT BE AFFECTED,
see the following web pages for details:
http://seagate.custkb.com/seagate/crm/selfservice/search.jsp?DocId=207931
http://seagate.custkb.com/seagate/crm/selfservice/search.jsp?DocId=207951
http://bugs.debian.org/cgi-bin/bugreport.cgi?bug=632758</warnings>
  </item>
  <item>
    <model>ST3(160813|320[68]13|500[368]20|640[36]23|640[35]30|750[36]30|1000(333|[36]40)|1500341)AS?</model>
    <firmware>.*</firmware>
    <family>Seagate Barracuda 7200.11</family>
    <options>None preset; no -v options are required.</options>
    <other></other>
    <warnings>There are known problems with these drives,
see the following Seagate web pages:
http://seagate.custkb.com/seagate/crm/selfservice/search.jsp?DocId=207931
http://seagate.custkb.com/seagate/crm/selfservice/search.jsp?DocId=207951
http://seagate.custkb.com/seagate/crm/selfservice/search.jsp?DocId=207957</warnings>
  </item>
  <item>
    <model>ST3(160318|25031[128]|320418|50041[08]|750(518|52[38])|100052[348])AS</model>
    <firmware>.*</firmware>
    <family>Seagate Barracuda 7200.12</family>
    <options>None preset; no -v options are required.</options>
    <other></other>
    <warnings></warnings>
  </item>
  <item>
    <model>ST3(250[68]2|32062|40062|50063|75064)0NS</model>
    <firmware>.*</firmware>
    <family>Seagate Barracuda ES</family>
    <options>None preset; no -v options are required.</options>
    <other></other>
    <warnings></warnings>
  </item>
  <item>
    <model>ST3(25031|50032|75033|100034)0NS</model>
    <firmware>SN[01]6|MA(0[^7]|[^0].)</firmware>
    <family>Seagate Barracuda ES.2</family>
    <options>None preset; no -v options are required.</options>
    <other></other>
    <warnings></warnings>
  </item>
  <item>
    <model>ST3(25031|50032|75033|100034)0NS</model>
    <firmware>MA07</firmware>
    <family>Seagate Barracuda ES.2</family>
    <options>None preset; no -v options are required.</options>
    <other></other>
    <warnings>There are known problems with these drives,
AND THIS FIRMWARE VERSION IS AFFECTED,
see the following Seagate web page:
http://dellfirmware.seagate.com/dell_firmware/DellFirmwareRequest.jsp</warnings>
  </item>
  <item>
    <model>ST3(25031|50032|75033|100034)0NS</model>
    <firmware>.*</firmware>
    <family>Seagate Barracuda ES.2</family>
    <options>None preset; no -v options are required.</options>
    <other></other>
    <warnings>There are known problems with these drives,
see the following Seagate web pages:
http://seagate.custkb.com/seagate/crm/selfservice/search.jsp?DocId=207931
http://seagate.custkb.com/seagate/crm/selfservice/search.jsp?DocId=207963</warnings>
  </item>
  <item>
    <model>ST3(500412|1000520|1500541|2000542)AS</model>
    <firmware>.*</firmware>
    <family>Seagate Barracuda LP</family>
    <options>None preset; no -v options are required.</options>
    <other></other>
    <warnings></warnings>
  </item>
  <item>
    <model>ST((10|15|20)00DL00[123])-.*</model>
    <firmware>.*</firmware>
    <family>Seagate Barracuda Green (Adv. Format)</family>
    <options>None preset; no -v options are required.</options>
    <other></other>
    <warnings></warnings>
  </item>
  <item>
    <model>ST(32000641|33000651)AS</model>
    <firmware>.*</firmware>
    <family>Seagate Barracuda XT</family>
    <options>None preset; no -v options are required.</options>
    <other></other>
    <warnings></warnings>
  </item>
  <item>
    <model>ST9(160511|500530)NS</model>
    <firmware>.*</firmware>
    <family>Seagate Constellation (SATA)</family>
    <options>None preset; no -v options are required.</options>
    <other></other>
    <warnings></warnings>
  </item>
  <item>
    <model>ST3(50051|100052|200064)4NS</model>
    <firmware>.*</firmware>
    <family>Seagate Constellation ES (SATA)</family>
    <options>None preset; no -v options are required.</options>
    <other></other>
    <warnings></warnings>
  </item>
  <item>
    <model>ST3(160310|320[34]10|500(321|422))CS</model>
    <firmware>.*</firmware>
    <family>Seagate Pipeline HD 5900.1</family>
    <options>None preset; no -v options are required.</options>
    <other></other>
    <warnings></warnings>
  </item>
  <item>
    <model>ST3(160316|250[34]12|320(311|413)|500(312|414)|1000(322|424))CS</model>
    <firmware>.*</firmware>
    <family>Seagate Pipeline HD 5900.2</family>
    <options>None preset; no -v options are required.</options>
    <other></other>
    <warnings></warnings>
  </item>
  <item>
    <model>ST3(17240|13030|10231|8420|4310)A</model>
    <firmware>.*</firmware>
    <family>Seagate Medalist 17240, 13030, 10231, 8420, and 4310</family>
    <options>None preset; no -v options are required.</options>
    <other></other>
    <warnings></warnings>
  </item>
  <item>
    <model>ST3(1724|1303|1023|842|431)2A</model>
    <firmware>.*</firmware>
    <family>Seagate Medalist 17242, 13032, 10232, 8422, and 4312</family>
    <options>None preset; no -v options are required.</options>
    <other></other>
    <warnings></warnings>
  </item>
  <item>
    <model>ST3(250623|250823|400632|400832|250824|250624|400633|400833|500641|500841)NS</model>
    <firmware>.*</firmware>
    <family>Seagate NL35</family>
    <options>None preset; no -v options are required.</options>
    <other></other>
    <warnings></warnings>
  </item>
  <item>
    <model>ST3(160815|250820|320620|500630|750640)(A|S)V</model>
    <firmware>.*</firmware>
    <family>Seagate SV35.2</family>
    <options>None preset; no -v options are required.</options>
    <other></other>
    <warnings></warnings>
  </item>
  <item>
    <model>ST3(750640SCE|((80|160)215|(250|320|400)820|500830|750840)(A|S)CE)</model>
    <firmware>.*</firmware>
    <family>Seagate DB35.3</family>
    <options>None preset; no -v options are required.</options>
    <other></other>
    <warnings></warnings>
  </item>
  <item>
    <model>WDC WD([2468]00E|1[26]00A)B-.*</model>
    <firmware>.*</firmware>
    <family>Western Digital Protege</family>
    <options>None preset; no -v options are required.</options>
    <other></other>
    <warnings></warnings>
  </item>
  <item>
    <model>WDC WD(2|3|4|6|8|10|12|16|18|20|25)00BB-.*</model>
    <firmware>.*</firmware>
    <family>Western Digital Caviar</family>
    <options>None preset; no -v options are required.</options>
    <other></other>
    <warnings></warnings>
  </item>
  <item>
    <model>WDC WD(3|4|6|8|25)00AB-.*</model>
    <firmware>.*</firmware>
    <family>Western Digital Caviar WDxxxAB</family>
    <options>None preset; no -v options are required.</options>
    <other></other>
    <warnings></warnings>
  </item>
  <item>
    <model>WDC WD...?AA(-.*)?</model>
    <firmware>.*</firmware>
    <family>Western Digital Caviar WDxxxAA</family>
    <options>None preset; no -v options are required.</options>
    <other></other>
    <warnings></warnings>
  </item>
  <item>
    <model>WDC WD...BA</model>
    <firmware>.*</firmware>
    <family>Western Digital Caviar WDxxxBA</family>
    <options>None preset; no -v options are required.</options>
    <other></other>
    <warnings></warnings>
  </item>
  <item>
    <model>WDC AC((116|121|125|225|132|232)|([1-4][4-9][0-9])|([1-4][0-9][0-9][0-9]))00[A-Z]?.*</model>
    <firmware>.*</firmware>
    <family>Western Digital Caviar AC</family>
    <options>None preset; no -v options are required.</options>
    <other></other>
    <warnings></warnings>
  </item>
  <item>
    <model>WDC WD(4|6|8|10|12|16|18|20|25|30|32|40|50)00(JB|PB)-.*</model>
    <firmware>.*</firmware>
    <family>Western Digital Caviar SE</family>
    <options>None preset; no -v options are required.</options>
    <other></other>
    <warnings></warnings>
  </item>
  <item>
    <model>WDC WD(16|25|32|40|50)00AAJB-.*</model>
    <firmware>.*</firmware>
    <family>Western Digital Caviar Blue EIDE</family>
    <options>None preset; no -v options are required.</options>
    <other></other>
    <warnings></warnings>
  </item>
  <item>
    <model>WDC WD(25|32|40|50)00AAKB-.*</model>
    <firmware>.*</firmware>
    <family>Western Digital Caviar Blue EIDE</family>
    <options>None preset; no -v options are required.</options>
    <other></other>
    <warnings></warnings>
  </item>
  <item>
    <model>WDC WD(12|16|25|32)00SB-.*</model>
    <firmware>.*</firmware>
    <family>Western Digital RE EIDE</family>
    <options>None preset; no -v options are required.</options>
    <other></other>
    <warnings></warnings>
  </item>
  <item>
    <model>WDC WD(4|8|20|32)00BD-.*</model>
    <firmware>.*</firmware>
    <family>Western Digital Caviar Serial ATA</family>
    <options>None preset; no -v options are required.</options>
    <other></other>
    <warnings></warnings>
  </item>
  <item>
    <model>WDC WD(4|8|12|16|20|25|32|40)00(JD|KD|PD)-.*</model>
    <firmware>.*</firmware>
    <family>Western Digital Caviar SE Serial ATA</family>
    <options>None preset; no -v options are required.</options>
    <other></other>
    <warnings></warnings>
  </item>
  <item>
    <model>WDC WD(8|12|16|20|25|30|32|40|50)00JS-.*</model>
    <firmware>.*</firmware>
    <family>Western Digital Caviar SE Serial ATA</family>
    <options>None preset; no -v options are required.</options>
    <other></other>
    <warnings></warnings>
  </item>
  <item>
    <model>WDC WD(16|20|25|32|40|50|75)00KS-.*</model>
    <firmware>.*</firmware>
    <family>Western Digital Caviar SE16 Serial ATA</family>
    <options>None preset; no -v options are required.</options>
    <other></other>
    <warnings></warnings>
  </item>
  <item>
    <model>WDC WD((8|12|16|25|32)00AABS|(8|12|16|25|32|40|50)00AAJS)-.*</model>
    <firmware>.*</firmware>
    <family>Western Digital Caviar Blue Serial ATA</family>
    <options>None preset; no -v options are required.</options>
    <other></other>
    <warnings></warnings>
  </item>
  <item>
    <model>WDC WD((16|20|25|32|40|50|64|75)00AAKS|10EALS)-.*</model>
    <firmware>.*</firmware>
    <family>Western Digital Caviar Blue Serial ATA</family>
    <options>None preset; no -v options are required.</options>
    <other></other>
    <warnings></warnings>
  </item>
  <item>
    <model>WDC WD((25|32|50)00AAKX|7500AALX|10EALX)-.*</model>
    <firmware>.*</firmware>
    <family>Western Digital Caviar Blue Serial ATA</family>
    <options>None preset; no -v options are required.</options>
    <other></other>
    <warnings></warnings>
  </item>
  <item>
    <model>WDC WD(12|16|25|32)00(SD|YD|YS)-.*</model>
    <firmware>.*</firmware>
    <family>Western Digital RE Serial ATA</family>
    <options>None preset; no -v options are required.</options>
    <other></other>
    <warnings></warnings>
  </item>
  <item>
    <model>WDC WD((40|50|75)00(YR|YS|AYYS)|(16|32|40|50)0[01]ABYS)-.*</model>
    <firmware>.*</firmware>
    <family>Western Digital RE2 Serial ATA</family>
    <options>None preset; no -v options are required.</options>
    <other></other>
    <warnings></warnings>
  </item>
  <item>
    <model>WDC WD(5000AB|7500AY|1000FY)PS-.*</model>
    <firmware>.*</firmware>
    <family>Western Digital RE2-GP</family>
    <options>None preset; no -v options are required.</options>
    <other></other>
    <warnings></warnings>
  </item>
  <item>
    <model>WDC WD((25|32|50)02A|(75|10)02F)BYS-.*</model>
    <firmware>.*</firmware>
    <family>Western Digital RE3 Serial ATA</family>
    <options>None preset; no -v options are required.</options>
    <other></other>
    <warnings></warnings>
  </item>
  <item>
    <model>WDC WD((((25|50)03A|1003F)BYX)|((15|20)03FYYS))-.*</model>
    <firmware>.*</firmware>
    <family>Western Digital RE4 Serial ATA</family>
    <options>None preset; no -v options are required.</options>
    <other></other>
    <warnings></warnings>
  </item>
  <item>
    <model>WDC WD2002FYPS-.*</model>
    <firmware>.*</firmware>
    <family>Western Digital RE4-GP</family>
    <options>None preset; no -v options are required.</options>
    <other></other>
    <warnings></warnings>
  </item>
  <item>
    <model>WDC WD((50|64|75)00AA(C|V)S|(50|64|75)00AADS|10EA(C|V)S|(10|15|20)EADS)-.*</model>
    <firmware>.*</firmware>
    <family>Western Digital Caviar Green</family>
    <options>None preset; no -v options are required.</options>
    <other></other>
    <warnings></warnings>
  </item>
  <item>
    <model>WDC WD(((64|75|80)00AA|(10|15|20)EA|(25|30)EZ)R|20EAC)S-.*</model>
    <firmware>.*</firmware>
    <family>Western Digital Caviar Green (Adv. Format)</family>
    <options>None preset; no -v options are required.</options>
    <other></other>
    <warnings></warnings>
  </item>
  <item>
    <model>WDC WD(7500AA|(10|15|20)EA|(25|30)EZ)RX-.*</model>
    <firmware>.*</firmware>
    <family>Western Digital Caviar Green (Adv. Format)</family>
    <options>None preset; no -v options are required.</options>
    <other></other>
    <warnings></warnings>
  </item>
  <item>
    <model>WDC WD((500|640|750)1AAL|1001FA[EL]|2001FAS)S-.*</model>
    <firmware>.*</firmware>
    <family>Western Digital Caviar Black</family>
    <options>None preset; no -v options are required.</options>
    <other></other>
    <warnings></warnings>
  </item>
  <item>
    <model>WDC WD(5002AAL|(64|75)02AAE|(10|15|20)02FAE)X-.*</model>
    <firmware>.*</firmware>
    <family>Western Digital Caviar Black</family>
    <options>None preset; no -v options are required.</options>
    <other></other>
    <warnings></warnings>
  </item>
  <item>
    <model>WDC WD(8|16|25|32|50)00AV[BJ]B-.*</model>
    <firmware>.*</firmware>
    <family>Western Digital AV ATA</family>
    <options>None preset; no -v options are required.</options>
    <other></other>
    <warnings></warnings>
  </item>
  <item>
    <model>WDC WD(16|25|32)00AVJS-.*</model>
    <firmware>.*</firmware>
    <family>Western Digital AV SATA</family>
    <options>None preset; no -v options are required.</options>
    <other></other>
    <warnings></warnings>
  </item>
  <item>
    <model>WDC WD((16|25|32|50|64|75)00AVVS|(50|75)00AVCS|10EVVS|(10|20)EVCS|(10|15|20)EVDS)-.*</model>
    <firmware>.*</firmware>
    <family>Western Digital AV-GP</family>
    <options>None preset; no -v options are required.</options>
    <other></other>
    <warnings></warnings>
  </item>
  <item>
    <model>WDC WD((16|25|32|50)00BUD|5000BUC)T-.*</model>
    <firmware>.*</firmware>
    <family>Western Digital AV-25</family>
    <options>None preset; no -v options are required.</options>
    <other></other>
    <warnings></warnings>
  </item>
  <item>
    <model>WDC WD((360|740|800)GD|(360|740|800|1500)ADF[DS])-.*</model>
    <firmware>.*</firmware>
    <family>Western Digital Raptor</family>
    <options>None preset; no -v options are required.</options>
    <other></other>
    <warnings></warnings>
  </item>
  <item>
    <model>WDC WD1500AHFD-.*</model>
    <firmware>.*</firmware>
    <family>Western Digital Raptor X</family>
    <options>None preset; no -v options are required.</options>
    <other></other>
    <warnings></warnings>
  </item>
  <item>
    <model>WDC WD(((800H|(1500|3000)[BH]|1600H|3000G)LFS)|((1500|3000|4500|6000)[BH]LHX))-.*</model>
    <firmware>.*</firmware>
    <family>Western Digital VelociRaptor</family>
    <options>None preset; no -v options are required.</options>
    <other></other>
    <warnings></warnings>
  </item>
  <item>
    <model>WDC WD(4|6|8|10|12|16)00(UE|VE)-.*</model>
    <firmware>.*</firmware>
    <family>Western Digital Scorpio EIDE</family>
    <options>None preset; no -v options are required.</options>
    <other></other>
    <warnings></warnings>
  </item>
  <item>
    <model>WDC WD(4|6|8|10|12|16|25|32)00BEVE-.*</model>
    <firmware>.*</firmware>
    <family>Western Digital Scorpio Blue EIDE</family>
    <options>None preset; no -v options are required.</options>
    <other></other>
    <warnings></warnings>
  </item>
  <item>
    <model>WDC WD(4|6|8|10|12|16|25)00BEAS-.*</model>
    <firmware>.*</firmware>
    <family>Western Digital Scorpio Serial ATA</family>
    <options>None preset; no -v options are required.</options>
    <other></other>
    <warnings></warnings>
  </item>
  <item>
    <model>WDC WD((4|6|8|10|12|16|25)00BEVS|(8|12|16|25|32|40|50|64)00BEVT|7500KEVT|10TEVT)-.*</model>
    <firmware>.*</firmware>
    <family>Western Digital Scorpio Blue Serial ATA</family>
    <options>None preset; no -v options are required.</options>
    <other></other>
    <warnings></warnings>
  </item>
  <item>
    <model>WDC WD((16|25|32|50|64|75)00BPVT|10[JT]PVT)-.*</model>
    <firmware>.*</firmware>
    <family>Western Digital Scorpio Blue Serial ATA (Adv. Format)</family>
    <options>None preset; no -v options are required.</options>
    <other></other>
    <warnings></warnings>
  </item>
  <item>
    <model>WDC WD(8|12|16|25|32)00B[EJ]KT-.*</model>
    <firmware>.*</firmware>
    <family>Western Digital Scorpio Black Serial ATA</family>
    <options>None preset; no -v options are required.</options>
    <other></other>
    <warnings></warnings>
  </item>
  <item>
    <model>WDC WD(25|32|40|50)00BMVU-.*</model>
    <firmware>.*</firmware>
    <family>Western Digital My Passport Essential (USB)</family>
    <options>None preset; no -v options are required.</options>
    <other></other>
    <warnings></warnings>
  </item>
  <item>
    <model>WDC WD(7500K|10T)MV[VW]-.*</model>
    <firmware>.*</firmware>
    <family>Western Digital My Passport Essential SE (USB, Adv. Format)</family>
    <options>None preset; no -v options are required.</options>
    <other></other>
    <warnings></warnings>
  </item>
  <item>
    <model>WDC WD(3200BMVV|5000BMVW)-.*</model>
    <firmware>.*</firmware>
    <family>Western Digital My Passport (USB)</family>
    <options>None preset; no -v options are required.</options>
    <other></other>
    <warnings></warnings>
  </item>
  <item>
    <model>QUANTUM BIGFOOT TS(10\.0|12\.7)A</model>
    <firmware>.*</firmware>
    <family>Quantum Bigfoot</family>
    <options>None preset; no -v options are required.</options>
    <other></other>
    <warnings></warnings>
  </item>
  <item>
    <model>QUANTUM FIREBALLlct15 ([123]0|22)</model>
    <firmware>.*</firmware>
    <family>Quantum Fireball lct15</family>
    <options>None preset; no -v options are required.</options>
    <other></other>
    <warnings></warnings>
  </item>
  <item>
    <model>QUANTUM FIREBALLlct20 [1234]0</model>
    <firmware>.*</firmware>
    <family>Quantum Fireball lct20</family>
    <options>None preset; no -v options are required.</options>
    <other></other>
    <warnings></warnings>
  </item>
  <item>
    <model>QUANTUM FIREBALL CX10.2A</model>
    <firmware>.*</firmware>
    <family>Quantum Fireball CX</family>
    <options>None preset; no -v options are required.</options>
    <other></other>
    <warnings></warnings>
  </item>
  <item>
    <model>QUANTUM FIREBALL CR(4.3|6.4|8.4|13.0)A</model>
    <firmware>.*</firmware>
    <family>Quantum Fireball CR</family>
    <options>None preset; no -v options are required.</options>
    <other></other>
    <warnings></warnings>
  </item>
  <item>
    <model>QUANTUM FIREBALL EX(3.2|6.4)A</model>
    <firmware>.*</firmware>
    <family>Quantum Fireball EX</family>
    <options>None preset; no -v options are required.</options>
    <other></other>
    <warnings></warnings>
  </item>
  <item>
    <model>QUANTUM FIREBALL ST(3.2|4.3|4300)A</model>
    <firmware>.*</firmware>
    <family>Quantum Fireball ST</family>
    <options>None preset; no -v options are required.</options>
    <other></other>
    <warnings></warnings>
  </item>
  <item>
    <model>QUANTUM FIREBALL SE4.3A</model>
    <firmware>.*</firmware>
    <family>Quantum Fireball SE</family>
    <options>None preset; no -v options are required.</options>
    <other></other>
    <warnings></warnings>
  </item>
  <item>
    <model>QUANTUM FIREBALLP LM(10.2|15|20.[45]|30)</model>
    <firmware>.*</firmware>
    <family>Quantum Fireball Plus LM</family>
    <options>None preset; no -v options are required.</options>
    <other></other>
    <warnings></warnings>
  </item>
  <item>
    <model>QUANTUM FIREBALLP AS(10.2|20.5|30.0|40.0|60.0)</model>
    <firmware>.*</firmware>
    <family>Quantum Fireball Plus AS</family>
    <options>None preset; no -v options are required.</options>
    <other></other>
    <warnings></warnings>
  </item>
  <item>
    <model>QUANTUM FIREBALLP KX27.3</model>
    <firmware>.*</firmware>
    <family>Quantum Fireball Plus KX</family>
    <options>None preset; no -v options are required.</options>
    <other></other>
    <warnings></warnings>
  </item>
  <item>
    <model>QUANTUM FIREBALLP KA(9|10).1</model>
    <firmware>.*</firmware>
    <family>Quantum Fireball Plus KA</family>
    <options>None preset; no -v options are required.</options>
    <other></other>
    <warnings></warnings>
  </item>
</entries>