﻿<?xml version="1.0" encoding="utf-8" ?>
<interface>
  <info language="English" translator="Parise Samuele" version="2.0"/>
  <!-- ///// Main window \\\\\ -->
  <!-- Device context menu -->
  <string id="0001" text="Update"/>
  <string id="0002" text="Update all"/>
  <string id="0003" text="Add virtual device"/>
  <string id="0004" text="Remove virtual device"/>
  <!-- Trayicon context menu -->
  <string id="0005" text="Restore"/>
  <string id="0006" text="Exit"/>
  <!-- Devices list -->
  <string id="0018" text="External devices"/>
  <string id="0019" text="Physical devices"/>
  <string id="0020" text="Virtual devices"/>
  <!-- Top panel -->
  <string id="0021" text="Serial number"/>
  <string id="0022" text="Firmware version"/>
  <!-- Navigation buttons -->
  <string id="1000" text="Main"/>
  <string id="2000" text="Advanced"/>
  <string id="3000" text="Smartctl"/>
  <string id="4000" text="Settings"/>
  <string id="5000" text="About"/>
  <!-- ///// Main \\\\\ -->
  <!-- Summary tab -->
  <string id="1100" text="Summary"/>
  <string id="1101" text="Temperature"/>
  <string id="1102" text="Last test"/>
  <string id="1103" text="Overall health"/>
  <string id="1104" text="Last update"/>
  <string id="1105" text="Warnings"/>
  <!--Test status-->
  <string id="1130" text="Completed without error"/>
  <string id="1131" text="Aborted by host at"/>
  <string id="1132" text="Interrupted (host reset) at"/>
  <string id="1133" text="Fatal or unknown error at"/>
  <string id="1134" text="Completed: unknown failure at"/>
  <string id="1135" text="Completed: electrical failure at"/>
  <string id="1136" text="Completed: servo/seek failure at"/>
  <string id="1137" text="Completed: read failure at"/>
  <string id="1138" text="Completed: handling damage at"/>
  <string id="1139" text="Self-test routine in progress at"/>
  <string id="1140" text="Unknown status"/>
  <!--Overall health-->
  <string id="1106" text="Passed"/>
  <string id="1107" text="Failed! Drive failure excepted in less 24 hours. Save all data!"/>
  <string id="1120" text="Unknown"/>
  <!--Bad sectors-->
  <string id="1108" text="No bad sector detected."/>
  <string id="1109" text="Device have few (%) bad sectors."/>
  <string id="1110" text="Device have several (%) bad sectors. Backup all data and replace the disk!"/>
  <!--Warnings-->
  <string id="1111" text="No warnings"/>
  <string id="1112" text="Device report is no longer available. Please, check file path."/>
  <string id="1113" text="S.M.A.R.T. available but disabled."/>
  <string id="1114" text="S.M.A.R.T. not available on this device."/>
  <!--Buttons-->
  <string id="1115" text="Update"/>
  <string id="1116" text="Details"/>
  <string id="1117" text="Run test"/>
  <!-- Device info tab -->
  <string id="1200" text="Device info"/>
  <string id="1201" text="Model family"/>
  <string id="1202" text="Device model"/>
  <string id="1203" text="Serial number"/>
  <string id="1204" text="Device World Wide Name"/>
  <string id="1205" text="Firmware version"/>
  <string id="1206" text="User capacity"/>
  <string id="1207" text="Sector size"/>
  <string id="1208" text="Device is in smartctl database"/>
  <string id="1209" text="ATA version is"/>
  <string id="1210" text="ATA standard is"/>
  <string id="1211" text="Last check"/>
  <string id="1212" text="S.M.A.R.T. support is"/>
  <string id="1213" text="S.M.A.R.T. support is"/>
  <!--Info tab status-->
  <string id="1220" text="Yes"/>
  <string id="1221" text="No"/>
  <string id="1222" text="Available"/>
  <string id="1223" text="Not available"/>
  <string id="1224" text="Ambiguous"/>
  <string id="1225" text="Enabled"/>
  <string id="1226" text="Disabled"/>
  <string id="1227" text="Unknown"/>
  <!-- Enable/disable features tab -->
  <string id="1300" text="Enable/disable features"/>
  <!--Device features-->
  <string id="1310" text="Device features"/>
  <string id="1311" text="Enable S.M.A.R.T."/>
  <string id="1312" text="Enable or disable Self-Monitoring, Analysis and Reporting Technology on device"/>
  <string id="1313" text="Enable S.M.A.R.T. automatic offline test"/>
  <string id="1314" text="Enable or disable S.M.A.R.T. offline test, wich scans the device every four hours for disk defects"/>
  <string id="1315" text="Enable S.M.A.R.T. autosave"/>
  <string id="1316" text="Enable or disable S.M.A.R.T. autosave of device vendor-specific attributes"/>
  <!--Monitoring features-->
  <string id="1320" text="Monitoring features"/>
  <string id="1321" text="Show icon in tray area"/>
  <string id="1322" text="Place an icon into the tray area that show device health and temperature"/>
  <string id="1323" text="Share smartctl device output"/>
  <string id="1324" text="Save into the specified folder the most recent output of smartctl for this device"/>
  <string id="1325" text="Set sharing folder"/>
  <!--Messages titles-->
  <string id="1330" text="Message"/>
  <string id="1331" text="Question"/>
  <!--Messages texts-->
  <string id="1340" text="S.M.A.R.T. enabled on device %."/>
  <string id="1341" text="S.M.A.R.T. not fully supported on device %."/>
  <string id="1342" text="S.M.A.R.T. not supported on device %."/>
  <string id="1343" text="Disable S.M.A.R.T. on device %?"/>
  <string id="1344" text="S.M.A.R.T. disabled on device %."/>
  <string id="1345" text="Offline data collection enabled on device %."/>
  <string id="1346" text="Offline data collection not supported or\aborted from host on device %."/>
  <string id="1347" text="Disable offline data collection on device %?"/>
  <string id="1348" text="Offline data collection disabled on device %."/>
  <!-- Log events tab -->
  <string id="1400" text="Log events"/>
  <string id="1401" text="Time"/>
  <string id="1402" text="Device"/>
  <string id="1403" text="Attribute"/>
  <string id="1404" text="From"/>
  <string id="1405" text="To"/>
  <string id="1406" text="Changes"/>
  <string id="1407" text="Delete log"/>
  <string id="1408" text="Delete all logs"/>
  <string id="1409" text="No events registered in this day."/>
  <string id="1410" text="Previous day"/>
  <string id="1411" text="Today"/>
  <string id="1412" text="Next day"/>
  <string id="1413" text="Reload"/>
  <!-- ///// Advanced \\\\\ -->
  <!-- SMART attributes tab -->
  <string id="2100" text="S.M.A.R.T. attributes"/>
  <string id="2101" text="Data structure revision number"/>
  <string id="2102" text="Hide/show attribute info"/>
  <!--Attributes list-->
  <string id="2110" text="Type"/>
  <string id="2111" text="ID"/>
  <string id="2112" text="Attribute name"/>
  <string id="2113" text="Current"/>
  <string id="2114" text="Worst"/>
  <string id="2115" text="Threshold"/>
  <string id="2116" text="When Failed"/>
  <string id="2117" text="Raw values"/>
  <!--Attributes info-->
  <string id="2120" text="Type"/>
  <string id="2121" text="Updated"/>
  <string id="2122" text="Pre failure"/>
  <string id="2123" text="Old age"/>
  <string id="2124" text="Always"/>
  <string id="2125" text="Offline"/>
  <string id="2126" text="Tip"/>
  <string id="2127" text="Select an item on the left list to show the attribute info."/>
  <!-- Device capabilities tab -->
  <string id="2200" text="Device capabilities"/>
  <!-- SMART error log tab -->
  <string id="2300" text="S.M.A.R.T. error log"/>
  <string id="2301" text="No errors logged"/>
  <string id="2302" text="Select error to show"/>
  <string id="2303" text="Error log version"/>
  <string id="2304" text="Device does not support error logging."/>
  <!--Error texts-->
  <string id="2310" text="Error % occurred at disk power-on lifetime"/>
  <string id="2311" text="When commad that caused the error occurred, the device was"/>
  <string id="2312" text="After command completion occured, register were"/>
  <string id="2313" text="Command leading to the command that caused the error were"/>
  <!--Device status-->
  <string id="2340" text="in an unknown state"/>
  <string id="2341" text="sleeping"/>
  <string id="2342" text="in standby mode"/>
  <string id="2343" text="active or idle"/>
  <string id="2344" text="doing SMART Offline or Self-test"/>
  <string id="2345" text="in a reserved state"/>
  <string id="2346" text="in a vendor specific state"/>
  <!--Tooltips-->
  <string id="2320" text="Timestamp"/>
  <string id="2321" text="Decimal seconds since the previous disk power-on.\Note: timestamp 'wraps' after 2^32 msec = 49.710 days."/>
  <string id="2330" text="Powered up time"/>
  <string id="2331" text="Measured from power on, and printed as DDd+hh:mm:SS:sss\where DD=days, hh=hours, mm=minutes, SS=sec and sss=millisec.\It 'wraps' after 49.710 days."/>
  <!-- SMART self-tests log tab -->
  <string id="2400" text="S.M.A.R.T. self-tests log"/>
  <string id="2401" text="Device does not support self-test logging."/>
  <string id="2402" text="Device does not support selective self-test logging."/>
  <string id="2403" text="No self-test have been logged."/>
  <string id="2404" text="No Selective self-test have been logged."/>
  <!--Self tests-->
  <string id="2410" text="S.M.A.R.T. self-test log (data structure revision: %)"/>
  <string id="2411" text="Num"/>
  <string id="2412" text="Test description"/>
  <string id="2413" text="Status"/>
  <string id="2414" text="Remaining"/>
  <string id="2415" text="Life time (h)"/>
  <string id="2416" text="LBA of first error"/>
  <!--Selective self-test-->
  <string id="2420" text="S.M.A.R.T. selective selft-test log (data structure revision: %)"/>
  <string id="2421" text="Span"/>
  <string id="2422" text="Min LBA"/>
  <string id="2423" text="Max LBA"/>
  <string id="2424" text="Current test status"/>
  <!-- Run test tab -->
  <string id="2500" text="Run test"/>
  <string id="2501" text="Offline data collection"/>
  <string id="2502" text="Short self-test"/>
  <string id="2503" text="Extended self-test"/>
  <string id="2504" text="Conveyance self-test"/>
  <string id="2505" text="Run"/>
  <string id="2506" text="Abort"/>
  <string id="2507" text="Extimated test duration"/>
  <string id="2508" text="Select test to run"/>
  <string id="2509" text="Test not available"/>
  <string id="2515" text="Extimated test end"/>
  <!--Tips-->
  <string id="2510" text="Checks the electrical and mechanical performance as well as the read performance of the disk. Electrical tests might include a test of buffer RAM, a read/write circuitry test, or a test of the read/write head elements. Mechanical test includes seeking and servo on data tracks. Scans small parts of the drive's surface (area is vendor-specific and there is a time limit on the test). Checks the list of Pending sectors that may have read errors."/>
  <string id="2511" text="A longer and more thorough version of the short self-test, scans the entire disk surface, with no time limit."/>
  <string id="2512" text="Intended as a quick test to identify damage incurred during transporting of the device. Only available on ATA drives."/>
  <string id="2513" text="Seft-tests are devices built-in tests designed to recognize device fault conditions; these tests are safe for user data. Tests can be performed during normal device use, but take a more longer time despite the extimated times reported below if device is busy.\Note that some device can't start to register the tests results until a non-positive result may occur (in force of an abortion or an error is occurred).\This function requires administrative rights and are not available for virtual devices."/>
  <string id="2514" text="Start a S.M.A.R.T. offline test, updating attributes values, and if error are found they will appear into the error log."/>
  <!--Abort test-->
  <string id="2520" text="Confirm"/>
  <string id="2521" text="Abort test now?"/>
  <!-- ///// Smartctl \\\\\ -->
  <!-- Database tab -->
  <string id="3100" text="Devices database"/>
  <string id="3101" text="Devices list (% entries in database)"/>
  <string id="3102" text="Model"/>
  <string id="3103" text="Firmware"/>
  <string id="3104" text="Family"/>
  <string id="3105" text="Attribute options"/>
  <string id="3106" text="Other presets"/>
  <string id="3107" text="Warnings"/>
  <!-- Device output tab -->
  <string id="3200" text="Device output"/>
  <string id="3201" text="Save"/>
  <!-- Tolerance tab -->
  <string id="3300" text="Tolerance"/>
  <string id="3301" text="Set tolerance"/>
  <string id="3302" text="Normal"/>
  <string id="3303" text="Conservative"/>
  <string id="3304" text="Very permissive"/>
  <string id="3310" text="Specifies how tolerant smartctl should be of ATA and S.M.A.R.T. command failures.\This setting are safe for user data, requires administrative rights and are not available for vitual devices."/>
  <!--Tips-->
  <string id="3320" text="Normal (default):\Smartctl exit on failure of any mandatory SMART command,\and ignore all failures of optional SMART commands."/>
  <string id="3321" text="Conservative:\Smartctl exit on failure of any optional SMART command."/>
  <string id="3322" text="Very permissive:\Smartctl ignore failures of any number of mandatory SMART commands."/>
  <!-- Attributes tab -->
  <string id="3400" text="Attributes format"/>
  <string id="3401" text="Set vendor-specific attribute display"/>
  <string id="3402" text="Custom"/>
  <string id="3403" text="Attribute ID"/>
  <string id="3404" text="Format"/>
  <string id="3405" text="Name"/>
  <string id="3406" text="Add"/>
  <string id="3407" text="ID"/>
  <string id="3408" text="Format"/>
  <string id="3409" text="Name"/>
  <string id="3410" text="Remove"/>
  <string id="3420" text="Set a vendor-specific raw value print format, an optional byte order and an optional name for attribute ID. The attribute ID can be in range 1 to 255. If 'N' is specified as ID, the settings for all attributes are changed.\This setting are safe for user data, requires administrative rights and are not available for vitual devices."/>
  <!--Attributes tips-->
  <string id="3430" text="Raw attribute number '9' is power-on time in minutes."/>
  <string id="3431" text="Raw attribute number '9' is power-on time in seconds."/>
  <string id="3432" text="Raw attribute number '9' is power-on time, measured in units of 30 seconds."/>
  <string id="3433" text="Raw attribute number '9' is the disk temperature in Celsius."/>
  <string id="3434" text="Raw attribute number '192' is the Emergency Retract Cycle Count;\is used by some Fujitsu."/>
  <string id="3435" text="Raw attribute number '193' contains two values: the first is the number of load cycle,\the second is the number of unload cycles."/>
  <string id="3436" text="Raw attribute number '194' is ten time the disk temperature in Celsius\(this is used by some Samsung)."/>
  <string id="3437" text="Raw attribute number '194' is NOT the disk temperature, and its interpretation is unknown."/>
  <string id="3438" text="Raw attribute number '197' is the Total Pending Sectors."/>
  <string id="3439" text="Raw attribute number '198' is the Total Offline Uncorrectable."/>
  <string id="3440" text="Raw attribute number '198' is the Offline Scan Uncorrectable Sector Count."/>
  <string id="3441" text="Raw attribute number '200' is the Write Error Count."/>
  <string id="3442" text="Raw attribute number '201' is the Detected TA Count."/>
  <string id="3443" text="Raw attribute number '220' is the disk temperature in Celsius."/>
  <!--Format tips-->
  <string id="3450" text="raw8:\Print the Raw value as six 8-bit unsigned base-10 integers."/>
  <string id="3451" text="raw16:\Print the Raw value as three 16-bit unsigned base-10 integers."/>
  <string id="3452" text="raw16(avg16):\Raw attribute is spin-up time. It is printed as a 16-bit value and\an optional 'Average' 16-bit value if the word is nonzero.\This is the default for Attribute '3'."/>
  <string id="3453" text="raw16(raw16):\Print the raw attribute as a 16-bit value and two optional 16-bit\values if these words are nonzero.\This is the default for Attributes '5' and '196'."/>
  <string id="3454" text="raw24/raw24:\Raw Attribute contains two 24-bit values."/>
  <string id="3455" text="raw48:\Print the Raw value as a 48-bit unsigned base-10 integer.\This is the default for most attributes."/>
  <string id="3456" text="raw64:\Print the Raw value as a 64-bit unsigned base-10 integer.\This new raw format is used by some recent SSD devices."/>
  <string id="3457" text="hex48:\Print the Raw value as a 12 digit hexadecimal number."/>
  <string id="3458" text="hex64:\Print the Raw value as a 16 digit hexadecimal number.\This new raw format is used by some recent SSD devices."/>
  <string id="3459" text="min2hour:\Raw Attribute is power-on time in minutes."/>
  <string id="3460" text="sec2hour:\Raw Attribute is power-on time in seconds."/>
  <string id="3461" text="halfmin2hour:\Raw Attribute is power-on time, measured in units of 30 seconds."/>
  <string id="3462" text="tempminmax:\Raw Attribute is the disk temperature in Celsius.\This is the default for Attributes '190' and '194'."/>
  <string id="3463" text="temp10x:\Raw Attribute is ten times the disk temperature in Celsius."/>
  <!-- Firmware tab -->
  <string id="3500" text="Firmware debug"/>
  <string id="3501" text="Debug firmware"/>
  <string id="3502" text="None"/>
  <string id="3503" text="Fixes byte swapped"/>
  <string id="3510" text="Modifies the behaviour of smartctl to compensate for some known and understood device firmware or driver bug.\This setting are safe for user data, requires administrative rights and are not available for vitual devices."/>
  <!--Tips-->
  <string id="3520" text="None (default):\Assume that the device firmware obeys the ATA specifications."/>
  <string id="3521" text="Samsung:\Enable on Samsung device in case of no self-test log printed, even though you\have run self-tests, very large numbers of ATA errors reported in the ATA error\log or strange and impossible values for the ATA error log timestamps."/>
  <string id="3522" text="Samsung2:\Your Samsung disk needs this option if the self-test log is printed correctly,\but there are a very large number of errors in the SMART error log.\In example, a disk with five errors (0x0005) will appear to have 20480 errors (0x5000)."/>
  <string id="3523" text="Samsung3:\Some Samsung disks (at least SP2514N with Firmware VF100-37) report a self-test\still in progress with 0% remaining when the test was already completed."/>
  <string id="3524" text="Fixes byte swapped ATA identify strings returned\by some buggy device drivers."/>
  <!-- ///// Settings \\\\\ -->
  <!-- Startup and interface -->
  <string id="4100" text="Startup and interface"/>
  <string id="4101" text="Run with Windows"/>
  <string id="4102" text="Start minimized"/>
  <string id="4103" text="Minimize on tray"/>
  <string id="4104" text="Close on tray"/>
  <string id="4105" text="Always show tray icon"/>
  <string id="4106" text="Confirm on exit"/>
  <!-- Update tab -->
  <string id="4200" text="Data update"/>
  <string id="4201" text="Update device data each"/>
  <string id="4202" text="minutes"/>
  <!-- Warning tab -->
  <string id="4300" text="Warnings"/>
  <string id="4301" text="Warning..."/>
  <string id="4302" text="When change one of the following parameters"/>
  <string id="4303" text="In case of imminent failure"/>
  <string id="4304" text="When temperature exceed threshold"/>
  <!--Parameters-->
  <string id="4310" text="Reallocated sector count"/>
  <string id="4311" text="Spin retry count"/>
  <string id="4312" text="Temperature"/>
  <string id="4313" text="Reallocated event cont"/>
  <string id="4314" text="Current pending sector"/>
  <string id="4315" text="Offline uncorrectable"/>
  <string id="4316" text="Soft read error rate"/>
  <string id="4317" text="Disk shift"/>
  <string id="4318" text="Invert selection"/>
  <!-- Share tab -->
  <string id="4400" text="Sharing"/>
  <string id="4401" text="Select folder where share devices output"/>
  <string id="4402" text="Browse"/>
  <string id="4403" text="No folder selected."/>
  <!-- ///// Exit Message \\\\\ -->
  <string id="5100" text="Confirm"/>
  <string id="5101" text="Are you sure you want to exit?"/>
  <!-- ///// ToolTip Baloon \\\\\ -->
  <string id="6000" text="Alarm: device status"/>
  <string id="6001" text="from"/>
  <string id="6002" text="to"/>
  <string id="6003" text="degradation"/>
  <string id="6004" text="recovery"/>
  <string id="6005" text="Alarm: device temperature"/>
  <string id="6006" text="Device failure warning"/>
  <string id="6007" text="%\\Device failure excepted in less 24 hours.\\SAVE ALL DATA!"/>
  <!-- ///// Add virtual device \\\\\ -->
  <string id="7000" text="Add virtual device"/>
  <string id="7001" text="Description"/>
  <string id="7002" text="File"/>
  <string id="7003" text="Add"/>
  <string id="7004" text="Cancel"/>
  <string id="7010" text="Error"/>
  <string id="7011" text="This file doesn't containt smartctl data."/>
  <!-- ///// Error messages \\\\\ -->
  <string id="8000" text="Error"/>
  <string id="8001" text="No devices founded, exiting now."/>
  <string id="8002" text="Unable to locate 'smartctl.exe'. Exiting now."/>
  <!-- ///// Admin rights \\\\\ -->
  <string id="9000" text="This function requires\administrative rights"/>
</interface>
