﻿<?xml version="1.0" encoding="utf-8"?>
<manufacturers>
  <manufacturer name="AData">
    <regex>^ADATA.*</regex>
    <image>Adata.png</image>
    <www>www.adata.com/tw</www>
  </manufacturer>
  <manufacturer name="Asus-Phison">
    <regex>^Asus-Phison.*</regex>
    <image>AsusPhison.png</image>
    <www>www.asus.com</www>
  </manufacturer>
  <manufacturer name="Corsair">
    <regex>^Corsair.*</regex>
    <image>Corsair.png</image>
    <www>www.corsair.com</www>
  </manufacturer>
  <manufacturer name="ExcelStor">
    <regex>^ExcelStor.*</regex>
    <image>ExcelStor.png</image>
    <www>www.excelstor.com/eng</www>
  </manufacturer>
  <manufacturer name="Hitachi">
    <regex>^(Hitachi|HD|HU|HT|HE|HD).*</regex>
    <image>Hitachi.png</image>
    <www>www.hgst.com</www>
  </manufacturer>
  <manufacturer name="IBM">
    <regex>^(IBM|IC|DT).*</regex>
    <image>IBM.png</image>
    <www>www.hgst.com</www>
  </manufacturer>
  <manufacturer name="Kingston">
    <regex>^Kingston.*</regex>
    <image>Kingston.png</image>
    <www>www.kingston.com</www>
  </manufacturer>
  <manufacturer name="Maxtor">
    <regex>^(Maxtor|STM).*</regex>
    <image>Maxtor.png</image>
    <www>www.seagate.com</www>
  </manufacturer>
  <manufacturer name="OWC">
    <regex>^OWC.*</regex>
    <image>OWC.png</image>
    <www>www.macsales.com</www>
  </manufacturer>
  <manufacturer name="Quantum">
    <regex>^Quantum.*</regex>
    <image>Quantum.png</image>
    <www>www.seagate.com</www>
  </manufacturer>
  <manufacturer name="SandForce">
    <regex>^SandForce.*</regex>
    <image>Sandforce.png</image>
    <www>www.sandforce.com</www>
  </manufacturer>
  <manufacturer name="Super Talent">
    <regex>^(STT_FT|FTM).*</regex>
    <image>SuperTalent.png</image>
    <www>www.supertalent.com</www>
  </manufacturer>
  <manufacturer name="Transcend">
    <regex>^(Transcend|TS(2|4|8|16|32|64|128|192|60|120|256|512)G|[BV]).*</regex>
    <image>Transcend.png</image>
    <www>www.transcend.com/tw</www>
  </manufacturer>
  <manufacturer name="Apple">
    <regex>^Apple.*</regex>
    <image>Apple.png</image>
    <www>www.apple.com</www>
  </manufacturer>
  <manufacturer name="Conner">
    <regex>^Conner.*</regex>
    <image>Conner.png</image>
    <www>www.seagate.com</www>
  </manufacturer>
  <manufacturer name="Crucial">
    <regex>^(Crucial|C(3|4)00|M4-CT).*</regex>
    <image>Crucial.png</image>
    <www>www.crucial.com</www>
  </manufacturer>
  <manufacturer name="Fujitsu">
    <regex>^Fujitsu.*</regex>
    <image>Fujitsu.png</image>
    <www>www.toshibastorage.com</www>
  </manufacturer>
  <manufacturer name="HP">
    <regex>^(HP|VB|MM|GB).*</regex>
    <image>HP.png</image>
    <www>www.hp.com</www>
  </manufacturer>
  <manufacturer name="Intel">
    <regex>^(Intel|SSDSA|2CV).*</regex>
    <image>Intel.png</image>
    <www>www.intel.com</www>
  </manufacturer>
  <manufacturer name="Marvell">
    <regex>^Marvell.*</regex>
    <image>Marvell.png</image>
    <www>www.marvell.com</www>
  </manufacturer>
  <manufacturer name="OCZ">
    <regex>^(OCZ|D2CSTK|APOC|DENC|DENEVA|FTNC|GFGC|MANG|MMOC|NIMC|TMSC|DENR|DRSAK|EC188|NIMR|PSIR|TRSAK).*</regex>
    <image>OCZ.png</image>
    <www>www.ocztechnology.com</www>
  </manufacturer>
  <manufacturer name="Patriot">
    <regex>^Patriot.*</regex>
    <image>Patriot.png</image>
    <www>patriotmemory.com</www>
  </manufacturer>
  <manufacturer name="Samsung">
    <regex>^Samsung.*</regex>
    <image>Samsung.png</image>
    <www>www.samsung.com</www>
  </manufacturer>
  <manufacturer name="Seagate">
    <regex>^(Seagate|ST(1|2|3|5|7|6|9)).*</regex>
    <image>Seagate.png</image>
    <www>www.seagate.com</www>
  </manufacturer>
  <manufacturer name="Toshiba">
    <regex>^(Toshiba|TOS).*</regex>
    <image>Toshiba.png</image>
    <www>www.toshibastorage.com</www>
  </manufacturer>
  <manufacturer name="Western Digital">
    <regex>^WDC.*</regex>
    <image>WD.png</image>
    <www>www.wdc.com</www>
  </manufacturer>
  <manufacturer name="Unigen">
    <regex>^UGB.*</regex>
    <image>Unigen.png</image>
    <www>www.unigen.com</www>
  </manufacturer>
  <manufacturer name="G.Skill">
    <regex>^(G.SKILL|FM-25S2I).*</regex>
    <image>G.Skill.png</image>
    <www>www.gskill.com</www>
  </manufacturer>
  <manufacturer name="Renice">
    <regex>^Renice.*</regex>
    <image>Renice.png</image>
    <www>www.renice-tech.com</www>
  </manufacturer>
  <manufacturer name="SMART">
    <regex>^(SMART|Adtron).*</regex>
    <image>Smart.png</image>
    <www>www.smartstoragesys.com</www>
  </manufacturer>
  <manufacturer name="JMicron">
    <regex>^JMicron.*</regex>
    <image>JMicron.png</image>
    <www>www.jmicron.com</www>
  </manufacturer>
  <manufacturer name="Indilinx">
    <regex>^Indilinx.*</regex>
    <image>Indilinx.png</image>
    <www>www.indilinx.com</www>
  </manufacturer>
  <manufacturer name="ASAX">
    <regex>^TS(18|25)M.*</regex>
    <image>ASAX.png</image>
    <www></www>
  </manufacturer>
  <manufacturer name="SanDisk">
    <regex>^SanDisk*</regex>
    <image>SanDisk.png</image>
    <www>www.sandisk.com</www>
  </manufacturer>
</manufacturers>